	ELA_CAF	batch	UMAP_1	UMAP_2
PDAC01-Tumor-GEX_out_AGCGTCGCACAAGACG-1	iCAF	PA01	-3.2283278	11.027863
PDAC01-Tumor-GEX_out_AGGCCGTGTCTCCATC-1	myCAF	PA01	6.8971405	15.082945
PDAC01-Tumor-GEX_out_ATAGACCTCTTAGAGC-1	iCAF	PA01	-2.2149603	7.538791
PDAC01-Tumor-GEX_out_ATCATGGCATGACATC-1	iCAF	PA01	-2.1838453	6.25345
PDAC01-Tumor-GEX_out_CAGAGAGTCGAATCCA-1	myCAF	PA01	3.7922451	11.157054
PDAC01-Tumor-GEX_out_CGACTTCCAGTAAGAT-1	iCAF	PA01	-2.2786942	6.963817
PDAC01-Tumor-GEX_out_CGGTTAAAGAAAGTGG-1	iCAF	PA01	-0.47964725	7.023179
PDAC01-Tumor-GEX_out_CGTAGCGAGTCGCCGT-1	myCAF	PA01	6.3920484	12.389067
PDAC01-Tumor-GEX_out_CTCAGAAGTTGTTTGG-1	iCAF	PA01	-1.8992336	8.368403
PDAC01-Tumor-GEX_out_GATCGTATCGGCGGTT-1	iCAF	PA01	-1.531109	7.145139
PDAC01-Tumor-GEX_out_GCGCGATCATGTCGAT-1	myCAF	PA01	6.418769	14.961072
PDAC01-Tumor-GEX_out_GCTGCGAGTGTTTGTG-1	iCAF	PA01	-4.7912307	7.006051
PDAC01-Tumor-GEX_out_GGAAAGCCACTACAGT-1	iCAF	PA01	-2.0647497	7.782272
PDAC01-Tumor-GEX_out_GTCGGGTCACAAGCCC-1	iCAF	PA01	-2.1609106	6.5668845
PDAC01-Tumor-GEX_out_GTTCGGGAGGGATACC-1	myCAF	PA01	6.732263	12.80945
PDAC01-Tumor-GEX_out_TAAGTGCGTCTGGTCG-1	iCAF	PA01	-0.89417523	6.841236
PDAC01-Tumor-GEX_out_TACGGTAGTCGAAAGC-1	iCAF	PA01	-2.4842346	8.0439
PDAC01-Tumor-GEX_out_TATCAGGTCCCACTTG-1	myCAF	PA01	5.965599	13.812733
PDAC01-Tumor-GEX_out_TCAGGTACACATGACT-1	iCAF	PA01	-3.7393146	7.384015
PDAC01-Tumor-GEX_out_TGATTTCTCGTACCGG-1	iCAF	PA01	-1.3280897	6.4228663
PDAC01-Tumor-GEX_out_TGTCCCAGTTTCCACC-1	iCAF	PA01	-1.3187629	6.602047
PDAC01-Tumor-GEX_out_TTATGCTCATATGCTG-1	myCAF	PA01	6.2852845	14.282761
PDAC01-Tumor-GEX_out_TTCTACACAGGCGATA-1	myCAF	PA01	6.9614263	14.913112
PDAC01-Tumor-GEX_out_TTCTTAGAGTTAGGTA-1	iCAF	PA01	-2.105183	7.728177
PDAC02-Tumor-GEX_out_AATCCAGCAATCAGAA-1	iCAF	PA02	-4.047403	6.8313236
PDAC02-Tumor-GEX_out_CAGCATAAGATGCCAG-1	iCAF	PA02	-3.865935	11.210515
PDAC02-Tumor-GEX_out_CGGACACAGAGTACCG-1	iCAF	PA02	-1.1861761	7.8807755
PDAC02-Tumor-GEX_out_GCAGTTAAGACACGAC-1	iCAF	PA02	-3.8411057	10.604726
PDAC02-Tumor-GEX_out_GTATTCTAGTACGATA-1	iCAF	PA02	-3.7571583	10.694783
PDAC02-Tumor-GEX_out_TGTATTCAGCAGCCTC-1	iCAF	PA02	-2.7958486	7.5084147
PDAC02-Tumor-GEX_out_TTCTCAATCTGGCGAC-1	iCAF	PA02	-0.9369116	7.3767195
PDAC04-Tumor-GEX_out_CCACTACCACAACTGT-1	iCAF	PA04	-0.94064254	8.0387535
PDAC04-Tumor-GEX_out_CGTCTACGTACAGCAG-1	iCAF	PA04	-0.97816473	8.362849
PDAC04-Tumor-GEX_out_GAACGGAAGCGCTTAT-1	iCAF	PA04	-4.8825107	7.093761
PDAC04-Tumor-GEX_out_GCCTCTAAGCGACGTA-1	myCAF	PA04	6.713003	15.081106
PDAC04-Tumor-GEX_out_GCGCAGTAGTCAAGCG-1	myCAF	PA04	7.252352	12.512468
PDAC04-Tumor-GEX_out_GGTGAAGAGTAGGTGC-1	myCAF	PA04	4.7656455	11.847169
PDAC04-Tumor-GEX_out_GTGCAGCAGCTCCCAG-1	iCAF	PA04	-2.0767689	6.257524
PDAC04-Tumor-GEX_out_TCGGTAAGTCCAAGTT-1	myCAF	PA04	6.771604	12.851648
PDAC04-Tumor-GEX_out_TCTGGAACATCCTAGA-1	myCAF	PA04	4.352214	13.741456
PDAC05-Tumor-GEX_out_ATCCGAAAGCTAGGCA-1	myCAF	PA05	5.914688	14.814408
PDAC05-Tumor-GEX_out_CTTGGCTCAGCCAGAA-1	myCAF	PA05	2.4943662	13.269741
PDAC05-Tumor-GEX_out_TGCTACCCAGCTGCTG-1	myCAF	PA05	4.8242483	14.078154
PDAC06-Tumor-GEX_out_AAAGCAACACATTCGA-1	myCAF	PA06	5.8955793	13.306792
PDAC06-Tumor-GEX_out_AAAGCAATCAGAGCTT-1	myCAF	PA06	6.2424107	13.284353
PDAC06-Tumor-GEX_out_AACACGTCAACTTGAC-1	iCAF	PA06	-3.7112045	9.951017
PDAC06-Tumor-GEX_out_AACTGGTCATATGCTG-1	myCAF	PA06	4.9128203	12.515675
PDAC06-Tumor-GEX_out_AAGTCTGTCCTATTCA-1	myCAF	PA06	6.9129815	14.254528
PDAC06-Tumor-GEX_out_ACCTTTAGTCTTCTCG-1	myCAF	PA06	5.254409	11.759365
PDAC06-Tumor-GEX_out_ACGGCCATCCCTTGCA-1	iCAF	PA06	-3.8495378	9.552797
PDAC06-Tumor-GEX_out_ACTATCTCACTACAGT-1	myCAF	PA06	2.5427132	13.20567
PDAC06-Tumor-GEX_out_ACTTTCAAGATCCTGT-1	myCAF	PA06	5.1821365	11.690905
PDAC06-Tumor-GEX_out_ACTTTCACAACACCCG-1	myCAF	PA06	6.5013037	13.312219
PDAC06-Tumor-GEX_out_AGACGTTTCAGGCAAG-1	myCAF	PA06	6.6383924	11.934663
PDAC06-Tumor-GEX_out_AGCGTATGTATAATGG-1	myCAF	PA06	3.9372506	13.46755
PDAC06-Tumor-GEX_out_AGCTCTCAGGCAGGTT-1	myCAF	PA06	5.722388	13.730927
PDAC06-Tumor-GEX_out_ATCCACCCAAGTTGTC-1	myCAF	PA06	5.31244	12.075731
PDAC06-Tumor-GEX_out_ATCTACTTCGGTGTCG-1	iCAF	PA06	-3.116939	11.845581
PDAC06-Tumor-GEX_out_ATGAGGGCAATGGATA-1	myCAF	PA06	3.7962654	14.189239
PDAC06-Tumor-GEX_out_ATTACTCTCCAAGTAC-1	myCAF	PA06	4.538233	12.803493
PDAC06-Tumor-GEX_out_ATTGGTGCATGGGACA-1	myCAF	PA06	6.144343	11.823629
PDAC06-Tumor-GEX_out_CAACTAGGTTTACTCT-1	iCAF	PA06	-4.2019057	7.7855377
PDAC06-Tumor-GEX_out_CAAGTTGGTCGGCTCA-1	myCAF	PA06	6.9460125	12.734734
PDAC06-Tumor-GEX_out_CACACCTCACGGTGTC-1	myCAF	PA06	3.810483	13.378999
PDAC06-Tumor-GEX_out_CACACTCGTAGCGATG-1	myCAF	PA06	5.85113	12.810738
PDAC06-Tumor-GEX_out_CACATAGCACACCGAC-1	myCAF	PA06	3.5414197	13.29375
PDAC06-Tumor-GEX_out_CACCTTGCAAGTTAAG-1	iCAF	PA06	-3.587264	7.232305
PDAC06-Tumor-GEX_out_CACCTTGTCGCCCTTA-1	iCAF	PA06	-4.066695	6.879136
PDAC06-Tumor-GEX_out_CACTCCACAATCACAC-1	myCAF	PA06	4.0965242	12.187878
PDAC06-Tumor-GEX_out_CAGCAGCAGGCAATTA-1	myCAF	PA06	4.3134584	12.912625
PDAC06-Tumor-GEX_out_CATCAAGAGTCATGCT-1	myCAF	PA06	6.210224	12.54772
PDAC06-Tumor-GEX_out_CATCGGGTCCACGAAT-1	myCAF	PA06	6.489249	11.940688
PDAC06-Tumor-GEX_out_CATCGGGTCTTGTACT-1	myCAF	PA06	5.4369535	12.566239
PDAC06-Tumor-GEX_out_CATGACACATGGTCAT-1	myCAF	PA06	6.4992175	12.817091
PDAC06-Tumor-GEX_out_CCAATCCCATGTCGAT-1	myCAF	PA06	6.732955	12.302204
PDAC06-Tumor-GEX_out_CCATTCGAGGTAGCCA-1	iCAF	PA06	-4.7312	7.008343
PDAC06-Tumor-GEX_out_CCCAGTTGTTCCGTCT-1	myCAF	PA06	7.005632	13.382839
PDAC06-Tumor-GEX_out_CCGGGATAGTTAAGTG-1	iCAF	PA06	-4.179807	10.6747675
PDAC06-Tumor-GEX_out_CCGTTCAGTCTCATCC-1	iCAF	PA06	-3.6632023	7.6838064
PDAC06-Tumor-GEX_out_CCTCTGATCCGGCACA-1	iCAF	PA06	-3.8322165	9.281022
PDAC06-Tumor-GEX_out_CCTTTCTGTAGAAGGA-1	iCAF	PA06	-3.8934212	10.894491
PDAC06-Tumor-GEX_out_CGCTATCAGGAGTCTG-1	myCAF	PA06	4.7547827	12.69542
PDAC06-Tumor-GEX_out_CGGAGTCAGAGCTGGT-1	myCAF	PA06	6.645349	12.949218
PDAC06-Tumor-GEX_out_CGGAGTCCATCACGAT-1	iCAF	PA06	-3.868812	7.3242607
PDAC06-Tumor-GEX_out_CTAACTTGTAAGTGTA-1	iCAF	PA06	-1.3167738	6.589994
PDAC06-Tumor-GEX_out_CTCGGGACAAGTTGTC-1	myCAF	PA06	4.8788285	14.367978
PDAC06-Tumor-GEX_out_CTCGTACAGGATCGCA-1	myCAF	PA06	4.849499	12.765611
PDAC06-Tumor-GEX_out_CTGCGGACATGTCTCC-1	myCAF	PA06	6.7838583	14.550702
PDAC06-Tumor-GEX_out_CTGCGGATCCTTTACA-1	myCAF	PA06	4.744531	13.083519
PDAC06-Tumor-GEX_out_GAACATCGTCATATGC-1	myCAF	PA06	5.7539926	14.892727
PDAC06-Tumor-GEX_out_GACTACAGTCGAGATG-1	iCAF	PA06	-3.6656168	8.877242
PDAC06-Tumor-GEX_out_GACTACAGTGACAAAT-1	iCAF	PA06	-3.7595942	10.947916
PDAC06-Tumor-GEX_out_GAGGTGACACGAAGCA-1	iCAF	PA06	-3.196356	11.088062
PDAC06-Tumor-GEX_out_GAGTCCGAGTTGCAGG-1	myCAF	PA06	7.056676	13.173118
PDAC06-Tumor-GEX_out_GAGTCCGTCAAGATCC-1	myCAF	PA06	5.176936	13.909334
PDAC06-Tumor-GEX_out_GCACTCTGTATATGGA-1	myCAF	PA06	6.145509	11.858267
PDAC06-Tumor-GEX_out_GCCTCTATCTCATTCA-1	myCAF	PA06	5.8779154	11.414708
PDAC06-Tumor-GEX_out_GCGCAGTTCAATCTCT-1	myCAF	PA06	5.2764854	13.274431
PDAC06-Tumor-GEX_out_GCGGGTTAGGCAAAGA-1	myCAF	PA06	6.141614	14.650834
PDAC06-Tumor-GEX_out_GCTCTGTAGACTGGGT-1	iCAF	PA06	-3.3957295	7.2671814
PDAC06-Tumor-GEX_out_GCTGGGTCAGATGGGT-1	myCAF	PA06	6.786335	11.97188
PDAC06-Tumor-GEX_out_GGACAGAGTGCACGAA-1	myCAF	PA06	4.9278154	12.5470705
PDAC06-Tumor-GEX_out_GGACGTCCACAACTGT-1	myCAF	PA06	6.895173	14.210993
PDAC06-Tumor-GEX_out_GGCAATTCACAGCGTC-1	iCAF	PA06	-4.550914	7.1833754
PDAC06-Tumor-GEX_out_GGCGTGTCAGCCACCA-1	myCAF	PA06	7.0807114	13.121618
PDAC06-Tumor-GEX_out_GGGCATCAGGGATACC-1	myCAF	PA06	4.0822997	14.028121
PDAC06-Tumor-GEX_out_GGGCATCGTCGCATAT-1	iCAF	PA06	-4.810658	7.324091
PDAC06-Tumor-GEX_out_GGTGTTAAGGCTACGA-1	myCAF	PA06	7.0390544	13.190263
PDAC06-Tumor-GEX_out_GTAGTCAAGTGTGAAT-1	myCAF	PA06	5.947867	11.893118
PDAC06-Tumor-GEX_out_GTATCTTCAATGGAAT-1	myCAF	PA06	5.76716	11.833767
PDAC06-Tumor-GEX_out_GTCGGGTTCTGTTGAG-1	myCAF	PA06	6.376972	14.590438
PDAC06-Tumor-GEX_out_TAAGAGACACATCTTT-1	myCAF	PA06	4.549627	13.1703615
PDAC06-Tumor-GEX_out_TAAGCGTCACGAGGTA-1	myCAF	PA06	6.1213627	13.127472
PDAC06-Tumor-GEX_out_TACGGATAGTTGAGAT-1	myCAF	PA06	6.410019	12.7152
PDAC06-Tumor-GEX_out_TACTCATAGCGCCTCA-1	myCAF	PA06	4.837061	13.56825
PDAC06-Tumor-GEX_out_TACTCATTCAAAGACA-1	myCAF	PA06	5.950623	11.798745
PDAC06-Tumor-GEX_out_TACTTACGTCTGATCA-1	iCAF	PA06	-3.4118361	8.219067
PDAC06-Tumor-GEX_out_TAGCCGGAGGGTATCG-1	iCAF	PA06	-3.5056903	8.423594
PDAC06-Tumor-GEX_out_TATCAGGTCCGCATAA-1	iCAF	PA06	-0.8056561	6.526713
PDAC06-Tumor-GEX_out_TCAACGAAGAGACGAA-1	myCAF	PA06	6.5635605	14.2996435
PDAC06-Tumor-GEX_out_TCGCGAGCACATCCAA-1	myCAF	PA06	5.8829107	14.917803
PDAC06-Tumor-GEX_out_TCGCGTTGTCAACTGT-1	myCAF	PA06	4.59554	13.506208
PDAC06-Tumor-GEX_out_TCTCATAAGCCCGAAA-1	myCAF	PA06	5.481291	11.606794
PDAC06-Tumor-GEX_out_TCTCATATCATAGCAC-1	iCAF	PA06	-4.7039795	6.8799515
PDAC06-Tumor-GEX_out_TCTGAGACAATTGCTG-1	myCAF	PA06	5.1856503	14.501765
PDAC06-Tumor-GEX_out_TGAAAGATCGCGTAGC-1	myCAF	PA06	6.771369	15.001939
PDAC06-Tumor-GEX_out_TGACGGCAGTTCGCGC-1	myCAF	PA06	6.550702	12.26175
PDAC06-Tumor-GEX_out_TGAGAGGAGGCTCATT-1	myCAF	PA06	7.077883	14.879336
PDAC06-Tumor-GEX_out_TGAGCATGTTCGAATC-1	myCAF	PA06	5.2093954	13.890615
PDAC06-Tumor-GEX_out_TGAGGGAAGCCCAATT-1	iCAF	PA06	-4.752726	5.3032203
PDAC06-Tumor-GEX_out_TGAGGGACATGAACCT-1	myCAF	PA06	6.8128557	12.654877
PDAC06-Tumor-GEX_out_TGCTGCTTCTTTACGT-1	myCAF	PA06	4.7823167	14.486112
PDAC06-Tumor-GEX_out_TGGGCGTAGGGAACGG-1	iCAF	PA06	-3.1914241	11.840049
PDAC06-Tumor-GEX_out_TGTGGTAGTCAGCTAT-1	iCAF	PA06	-3.6506643	9.659935
PDAC06-Tumor-GEX_out_TTAGGCAAGCGTCAAG-1	iCAF	PA06	-4.122681	7.586666
PDAC06-Tumor-GEX_out_TTCGGTCGTTCCCGAG-1	myCAF	PA06	5.1276674	11.642738
PDAC06-Tumor-GEX_out_TTCTCAACAGAGTGTG-1	iCAF	PA06	-2.4904265	7.089381
PDAC06-Tumor-GEX_out_TTGCGTCGTTCAGTAC-1	iCAF	PA06	0.40816876	6.5550704
PDAC06-Tumor-GEX_out_TTGGAACCAGTGAGTG-1	iCAF	PA06	0.52520233	7.3814526
PDAC06-Tumor-GEX_out_TTGTAGGAGTCTCGGC-1	iCAF	PA06	-3.0939968	6.7114134
PDAC07-Tumor-GEX_out_CAACCTCAGGTACTCT-1	iCAF	PA07	-3.8671992	7.84155
PDAC07-Tumor-GEX_out_GAAGCAGAGGCCCTCA-1	myCAF	PA07	4.0816116	13.297584
PDAC07-Tumor-GEX_out_GGACAGAAGGACAGAA-1	iCAF	PA07	-3.5409143	10.649254
PDAC07-Tumor-GEX_out_GTTCTCGTCAGCACAT-1	iCAF	PA07	-3.3911858	9.471365
PDAC07-Tumor-GEX_out_TGGCCAGCACGGATAG-1	iCAF	PA07	-1.8565555	8.088766
PDAC08-Tumor-GEX_out_AAAGCAAAGGCATGTG-1	iCAF	PA08	-2.9872012	11.907491
PDAC08-Tumor-GEX_out_AAGTCTGAGTAGCGGT-1	iCAF	PA08	-2.4510405	6.8078384
PDAC08-Tumor-GEX_out_AGGCCACTCACGGTTA-1	iCAF	PA08	-3.9956708	10.777633
PDAC08-Tumor-GEX_out_AGGGATGAGGTGTGGT-1	iCAF	PA08	-3.7010884	10.530499
PDAC08-Tumor-GEX_out_AGTAGTCTCTCACATT-1	iCAF	PA08	-2.8534102	11.063291
PDAC08-Tumor-GEX_out_ATCATGGAGCGATCCC-1	iCAF	PA08	0.22939737	6.519589
PDAC08-Tumor-GEX_out_ATCATGGTCACGAAGG-1	iCAF	PA08	-4.611953	8.137894
PDAC08-Tumor-GEX_out_CACCAGGTCATAACCG-1	iCAF	PA08	-4.52651	7.475316
PDAC08-Tumor-GEX_out_CAGATCATCTGGTGTA-1	iCAF	PA08	-2.4916632	9.821206
PDAC08-Tumor-GEX_out_CAGCCGATCCTCTAGC-1	iCAF	PA08	-2.7845514	12.0812645
PDAC08-Tumor-GEX_out_CAGCGACGTTTACTCT-1	iCAF	PA08	-2.116891	8.897426
PDAC08-Tumor-GEX_out_CATATTCTCTGTCAAG-1	iCAF	PA08	-4.293805	5.6824446
PDAC08-Tumor-GEX_out_CATCGAATCATCGATG-1	iCAF	PA08	-2.186452	8.164409
PDAC08-Tumor-GEX_out_CATTATCAGGAGCGAG-1	iCAF	PA08	-1.1855749	7.686906
PDAC08-Tumor-GEX_out_CCGTACTGTAAGGATT-1	iCAF	PA08	-3.2072608	11.721498
PDAC08-Tumor-GEX_out_CGGGTCAAGTGGGCTA-1	iCAF	PA08	-0.104310445	7.1718154
PDAC08-Tumor-GEX_out_CGGGTCATCCAAACAC-1	iCAF	PA08	-3.5182314	10.258324
PDAC08-Tumor-GEX_out_CTCTAATCACTAGTAC-1	iCAF	PA08	-1.9537493	9.806156
PDAC08-Tumor-GEX_out_GACGGCTCAAAGTCAA-1	iCAF	PA08	-2.661439	12.303551
PDAC08-Tumor-GEX_out_GACGTGCGTGTGGCTC-1	iCAF	PA08	-4.2237606	6.850788
PDAC08-Tumor-GEX_out_GAGGTGAGTCCCTACT-1	iCAF	PA08	-3.3189714	6.8903193
PDAC08-Tumor-GEX_out_GATCAGTAGAACAACT-1	iCAF	PA08	-3.7873921	11.06297
PDAC08-Tumor-GEX_out_GATGAGGTCCATGCTC-1	iCAF	PA08	-3.644105	6.510307
PDAC08-Tumor-GEX_out_GCATGATTCAACGAAA-1	myCAF	PA08	6.203968	11.815723
PDAC08-Tumor-GEX_out_GCATGCGGTTCAGACT-1	myCAF	PA08	4.5580244	11.994851
PDAC08-Tumor-GEX_out_GCCAAATCACACCGCA-1	iCAF	PA08	-3.1700501	7.9399867
PDAC08-Tumor-GEX_out_GGCCGATCATCTACGA-1	iCAF	PA08	-0.47125703	6.268987
PDAC08-Tumor-GEX_out_GGGACCTAGTATTGGA-1	iCAF	PA08	-2.600754	9.3311
PDAC08-Tumor-GEX_out_GTACGTACATTTCAGG-1	iCAF	PA08	-3.3616776	8.174935
PDAC08-Tumor-GEX_out_GTGCATATCTATCGCC-1	iCAF	PA08	-3.959433	6.996497
PDAC08-Tumor-GEX_out_GTTCGGGGTCAAAGCG-1	iCAF	PA08	-3.8200467	9.092103
PDAC08-Tumor-GEX_out_GTTTCTATCCGGCACA-1	iCAF	PA08	-0.74480766	7.509445
PDAC08-Tumor-GEX_out_TACGGTAAGGAGTCTG-1	iCAF	PA08	-3.7301965	8.960727
PDAC08-Tumor-GEX_out_TACTCGCTCACCAGGC-1	iCAF	PA08	-3.0316825	6.8333035
PDAC08-Tumor-GEX_out_TCAGATGAGATGCCTT-1	iCAF	PA08	-3.3772807	8.922207
PDAC08-Tumor-GEX_out_TCAGCTCTCCCTCTTT-1	iCAF	PA08	-0.15799703	7.2552533
PDAC08-Tumor-GEX_out_TGACAACAGGTGTGGT-1	iCAF	PA08	-4.4390163	11.215211
PDAC08-Tumor-GEX_out_TGAGAGGTCTTCATGT-1	iCAF	PA08	-3.549628	7.1670732
PDAC08-Tumor-GEX_out_TTATGCTAGCACACAG-1	iCAF	PA08	-2.9763913	7.1488695
PDAC08-Tumor-GEX_out_TTGTAGGTCCTCCTAG-1	iCAF	PA08	-4.5610476	6.7979507
PDAC08-Tumor-GEX_out_TTTGCGCTCTCTGCTG-1	iCAF	PA08	-0.032160237	6.7496085
PDAC09-Tumor-GEX_out_ACCTTTAAGATGTAAC-1	iCAF	PA09	-1.1571039	7.1845317
PDAC09-Tumor-GEX_out_AGAGCGAAGGCTCTTA-1	iCAF	PA09	-3.0896895	8.496327
PDAC09-Tumor-GEX_out_ATGTGTGCAGTATCTG-1	iCAF	PA09	-1.0255563	7.0549684
PDAC09-Tumor-GEX_out_CAGAATCGTCGACTGC-1	iCAF	PA09	-1.1241666	7.378631
PDAC09-Tumor-GEX_out_CAGAGAGAGCAGACTG-1	iCAF	PA09	-2.14867	7.433685
PDAC09-Tumor-GEX_out_CGTGAGCGTCACTGGC-1	myCAF	PA09	7.1002746	12.906464
PDAC09-Tumor-GEX_out_CTAATGGTCATAAAGG-1	myCAF	PA09	5.5563335	14.743751
PDAC09-Tumor-GEX_out_CTGAAACGTCCAGTGC-1	myCAF	PA09	5.234699	12.269853
PDAC09-Tumor-GEX_out_GCAATCATCGCCAAAT-1	myCAF	PA09	2.6506374	13.434078
PDAC09-Tumor-GEX_out_GTGCGGTCAGAAGCAC-1	myCAF	PA09	4.103715	11.343991
PDAC09-Tumor-GEX_out_TCAGCAACAGCATACT-1	iCAF	PA09	-3.6152837	9.765076
PDAC09-Tumor-GEX_out_TCTCATATCGGAAATA-1	iCAF	PA09	-2.787516	8.453704
PDAC09-Tumor-GEX_out_TTCGGTCCAAGCGCTC-1	iCAF	PA09	-3.0482817	9.308432
PDAC10-Tumor-GEX_out_AACTGGTAGTCCGTAT-1	myCAF	PA10	4.5640244	14.079609
PDAC10-Tumor-GEX_out_AAGCCGCAGTGTCTCA-1	myCAF	PA10	6.104994	14.260969
PDAC10-Tumor-GEX_out_AAGCCGCGTGTGGTTT-1	myCAF	PA10	5.057939	12.513939
PDAC10-Tumor-GEX_out_ACCTTTAGTACTCAAC-1	myCAF	PA10	5.057073	11.605469
PDAC10-Tumor-GEX_out_ACGATACCACCAGTTA-1	iCAF	PA10	-3.203179	7.141417
PDAC10-Tumor-GEX_out_ACGATGTGTACCGCTG-1	myCAF	PA10	6.928	13.00081
PDAC10-Tumor-GEX_out_ACGGCCATCCAAGCCG-1	myCAF	PA10	5.1332035	13.314715
PDAC10-Tumor-GEX_out_ACTGAGTGTATGAATG-1	myCAF	PA10	7.010567	13.643775
PDAC10-Tumor-GEX_out_AGACGTTCACTTAACG-1	myCAF	PA10	6.1387043	14.28712
PDAC10-Tumor-GEX_out_AGCGTATAGTGATCGG-1	myCAF	PA10	3.6490402	12.926718
PDAC10-Tumor-GEX_out_AGTCTTTAGCGGATCA-1	myCAF	PA10	4.938075	14.062917
PDAC10-Tumor-GEX_out_ATAACGCGTCTCCACT-1	myCAF	PA10	4.5523167	13.832979
PDAC10-Tumor-GEX_out_ATAAGAGGTTATCGGT-1	iCAF	PA10	-0.15375854	6.1933084
PDAC10-Tumor-GEX_out_CACAGGCGTTCTGGTA-1	myCAF	PA10	4.1940994	13.278522
PDAC10-Tumor-GEX_out_CACAGTATCGCAAGCC-1	iCAF	PA10	0.5539491	6.679851
PDAC10-Tumor-GEX_out_CAGCCGAGTTCAGCGC-1	myCAF	PA10	3.8404236	13.5848055
PDAC10-Tumor-GEX_out_CATCCACGTGTATGGG-1	myCAF	PA10	7.100512	13.444941
PDAC10-Tumor-GEX_out_CATGGCGCAGTGAGTG-1	myCAF	PA10	3.445451	13.675725
PDAC10-Tumor-GEX_out_CCACGGACAGACAAGC-1	iCAF	PA10	-1.4018216	9.532783
PDAC10-Tumor-GEX_out_CCCAGTTAGCGACGTA-1	myCAF	PA10	5.6988378	12.948243
PDAC10-Tumor-GEX_out_CCTACACCACAAGACG-1	myCAF	PA10	4.3021407	12.780335
PDAC10-Tumor-GEX_out_CCTTCGACAGTCACTA-1	iCAF	PA10	-4.4035277	5.652728
PDAC10-Tumor-GEX_out_CGATGGCAGTCCAGGA-1	myCAF	PA10	6.4821486	12.40084
PDAC10-Tumor-GEX_out_CGTAGGCCAGGTCTCG-1	myCAF	PA10	5.7622094	13.904416
PDAC10-Tumor-GEX_out_CTAAGACGTCAAACTC-1	myCAF	PA10	5.8264103	12.703419
PDAC10-Tumor-GEX_out_CTCTAATGTTCATGGT-1	iCAF	PA10	-4.296554	8.042234
PDAC10-Tumor-GEX_out_CTGTGCTTCCGAAGAG-1	myCAF	PA10	6.43862	14.39054
PDAC10-Tumor-GEX_out_CTTAACTAGTTCGATC-1	myCAF	PA10	2.8961031	13.328999
PDAC10-Tumor-GEX_out_GAAGCAGCACAGCGTC-1	myCAF	PA10	6.3709555	11.875442
PDAC10-Tumor-GEX_out_GACCAATAGGCTAGCA-1	myCAF	PA10	5.483528	13.115367
PDAC10-Tumor-GEX_out_GATCGTATCCACGCAG-1	myCAF	PA10	6.2004533	12.020027
PDAC10-Tumor-GEX_out_GCAAACTGTAAGAGAG-1	myCAF	PA10	5.9552836	11.317389
PDAC10-Tumor-GEX_out_GCGAGAACAAACGTGG-1	myCAF	PA10	5.770585	11.939077
PDAC10-Tumor-GEX_out_GCTTCCAAGTAACCCT-1	iCAF	PA10	0.47713873	7.0279202
PDAC10-Tumor-GEX_out_GGAATAAGTCTTGCGG-1	iCAF	PA10	-1.3519161	7.11036
PDAC10-Tumor-GEX_out_GGACGTCTCCGGCACA-1	iCAF	PA10	-3.3613307	6.8152795
PDAC10-Tumor-GEX_out_GGGCACTAGAACAATC-1	myCAF	PA10	3.1945355	13.024583
PDAC10-Tumor-GEX_out_GGGTCTGAGAGCTTCT-1	myCAF	PA10	3.9572701	13.683269
PDAC10-Tumor-GEX_out_GGTATTGAGCTAGTGG-1	myCAF	PA10	6.6792507	12.673966
PDAC10-Tumor-GEX_out_GTGCTTCAGCCGATTT-1	iCAF	PA10	-1.0300142	6.9811416
PDAC10-Tumor-GEX_out_GTGGGTCGTCAGGACA-1	myCAF	PA10	6.7574944	12.004963
PDAC10-Tumor-GEX_out_GTTAAGCAGGAGTCTG-1	myCAF	PA10	5.0413733	11.603373
PDAC10-Tumor-GEX_out_TACCTATCACGAGGTA-1	myCAF	PA10	5.3643136	12.04408
PDAC10-Tumor-GEX_out_TAGCCGGCAATAGCGG-1	myCAF	PA10	4.496565	12.733563
PDAC10-Tumor-GEX_out_TAGCCGGGTACTTAGC-1	myCAF	PA10	5.224901	12.239189
PDAC10-Tumor-GEX_out_TAGTGGTTCTTTACGT-1	myCAF	PA10	4.7961893	13.324086
PDAC10-Tumor-GEX_out_TCAATCTCACCCTATC-1	myCAF	PA10	6.554718	11.757558
PDAC10-Tumor-GEX_out_TCGTACCCAGTATAAG-1	myCAF	PA10	6.9082046	13.3263855
PDAC10-Tumor-GEX_out_TGTGTTTAGATGCCAG-1	myCAF	PA10	6.8362265	13.854887
PDAC10-Tumor-GEX_out_TGTGTTTAGCAATATG-1	myCAF	PA10	5.319688	13.196014
PDAC10-Tumor-GEX_out_TTGGCAAAGCGCTCCA-1	myCAF	PA10	5.7453175	13.535344
PDAC10-Tumor-GEX_out_TTGGCAACATATGAGA-1	myCAF	PA10	5.771154	12.147877
PDAC11-Tumor-GEX_out_AAACCTGTCATGTAGC-1	myCAF	PA11	3.6442196	12.061542
PDAC11-Tumor-GEX_out_AACCATGCACCGGAAA-1	iCAF	PA11	-1.65723	7.479542
PDAC11-Tumor-GEX_out_AACCGCGAGCGAAGGG-1	myCAF	PA11	5.368637	13.680759
PDAC11-Tumor-GEX_out_AACTCCCAGATGGCGT-1	myCAF	PA11	6.104808	11.5011425
PDAC11-Tumor-GEX_out_AACTCCCCAAACGTGG-1	myCAF	PA11	5.9433055	11.186012
PDAC11-Tumor-GEX_out_AACTCTTTCACAGGCC-1	myCAF	PA11	3.2355423	12.692875
PDAC11-Tumor-GEX_out_AAGGCAGTCCAACCAA-1	myCAF	PA11	5.121249	12.803452
PDAC11-Tumor-GEX_out_AAGGTTCGTCAGAGGT-1	iCAF	PA11	-2.038621	8.118959
PDAC11-Tumor-GEX_out_AATCCAGGTTATCACG-1	myCAF	PA11	4.513133	12.19287
PDAC11-Tumor-GEX_out_AATCGGTGTCTACCTC-1	myCAF	PA11	5.454052	13.748221
PDAC11-Tumor-GEX_out_ACACTGAAGTCATCCA-1	myCAF	PA11	5.7844286	13.565752
PDAC11-Tumor-GEX_out_ACAGCCGGTATATCCG-1	myCAF	PA11	5.9984183	11.436455
PDAC11-Tumor-GEX_out_ACAGCCGTCTATCCTA-1	myCAF	PA11	6.21589	13.895652
PDAC11-Tumor-GEX_out_ACAGCTATCGTGGGAA-1	myCAF	PA11	6.925653	13.173101
PDAC11-Tumor-GEX_out_ACATACGTCATACGGT-1	myCAF	PA11	6.1517715	11.6903
PDAC11-Tumor-GEX_out_ACATCAGGTACAGCAG-1	myCAF	PA11	6.960103	12.841728
PDAC11-Tumor-GEX_out_ACCAGTAGTCCCTTGT-1	myCAF	PA11	4.444179	14.394302
PDAC11-Tumor-GEX_out_ACCCACTTCTTCTGGC-1	myCAF	PA11	3.0035357	13.259033
PDAC11-Tumor-GEX_out_ACCTTTAAGAGGTTGC-1	myCAF	PA11	4.7297363	13.565629
PDAC11-Tumor-GEX_out_ACCTTTAGTGTCAATC-1	myCAF	PA11	7.1333094	12.417503
PDAC11-Tumor-GEX_out_ACGAGCCAGGCACATG-1	myCAF	PA11	6.9582524	12.115216
PDAC11-Tumor-GEX_out_ACGAGGACATGTCCTC-1	myCAF	PA11	4.398727	14.493506
PDAC11-Tumor-GEX_out_ACGCCAGTCCTATTCA-1	iCAF	PA11	-2.9051855	7.2907557
PDAC11-Tumor-GEX_out_ACGGAGAAGACTGGGT-1	iCAF	PA11	-4.408259	7.332955
PDAC11-Tumor-GEX_out_ACGGGCTAGCCACTAT-1	myCAF	PA11	6.0737057	12.087726
PDAC11-Tumor-GEX_out_ACGGGTCAGTACATGA-1	myCAF	PA11	4.7405677	11.753384
PDAC11-Tumor-GEX_out_ACGGGTCGTCACTTCC-1	myCAF	PA11	6.9120274	13.524393
PDAC11-Tumor-GEX_out_ACTGAACAGCTAGTGG-1	myCAF	PA11	6.763439	14.871972
PDAC11-Tumor-GEX_out_ACTGAACGTCGATTGT-1	myCAF	PA11	4.873653	11.896353
PDAC11-Tumor-GEX_out_ACTGAGTTCAGGCAAG-1	myCAF	PA11	5.366057	13.632358
PDAC11-Tumor-GEX_out_ACTGATGAGGGTTTCT-1	myCAF	PA11	4.977562	12.579507
PDAC11-Tumor-GEX_out_ACTGCTCAGTGAAGAG-1	myCAF	PA11	4.3744593	11.464186
PDAC11-Tumor-GEX_out_ACTGCTCGTCGCGGTT-1	myCAF	PA11	6.5382986	14.763911
PDAC11-Tumor-GEX_out_ACTTTCATCGTACGGC-1	myCAF	PA11	6.3658056	12.670936
PDAC11-Tumor-GEX_out_AGACGTTGTGGTCTCG-1	myCAF	PA11	6.9670453	12.350745
PDAC11-Tumor-GEX_out_AGATTGCCAATTCCTT-1	myCAF	PA11	4.95753	12.258088
PDAC11-Tumor-GEX_out_AGATTGCCATTCACTT-1	iCAF	PA11	-2.311787	8.869033
PDAC11-Tumor-GEX_out_AGCTCCTTCAAGCCTA-1	myCAF	PA11	5.322395	12.133505
PDAC11-Tumor-GEX_out_AGCTTGAAGTTGTAGA-1	myCAF	PA11	6.6516905	12.916503
PDAC11-Tumor-GEX_out_AGCTTGACAGCTGTAT-1	myCAF	PA11	5.7784767	11.184081
PDAC11-Tumor-GEX_out_AGGCCACGTGGCTCCA-1	myCAF	PA11	4.1628246	13.903248
PDAC11-Tumor-GEX_out_AGGGAGTCACATGTGT-1	myCAF	PA11	6.3169293	13.612399
PDAC11-Tumor-GEX_out_AGGGAGTGTGTTGGGA-1	myCAF	PA11	4.3733	14.176206
PDAC11-Tumor-GEX_out_AGTCTTTCAGGATCGA-1	myCAF	PA11	4.5559216	12.263301
PDAC11-Tumor-GEX_out_AGTGAGGTCCAGGGCT-1	iCAF	PA11	-2.8920386	11.908229
PDAC11-Tumor-GEX_out_AGTGGGACAGTTCATG-1	myCAF	PA11	4.646808	11.525808
PDAC11-Tumor-GEX_out_AGTTGGTGTTGAGGTG-1	myCAF	PA11	5.5712957	11.689254
PDAC11-Tumor-GEX_out_ATAAGAGGTAGCACGA-1	myCAF	PA11	6.338764	13.032645
PDAC11-Tumor-GEX_out_ATCCGAACAGGATCGA-1	myCAF	PA11	4.1461916	12.322535
PDAC11-Tumor-GEX_out_ATCGAGTAGGCCCGTT-1	myCAF	PA11	6.064498	13.828074
PDAC11-Tumor-GEX_out_ATCTACTCATCCTAGA-1	iCAF	PA11	-3.7885258	9.668482
PDAC11-Tumor-GEX_out_ATCTGCCTCCATGCTC-1	myCAF	PA11	4.813495	12.39106
PDAC11-Tumor-GEX_out_ATGCGATCAGCCAATT-1	myCAF	PA11	5.2979665	11.909877
PDAC11-Tumor-GEX_out_ATGGGAGCACAGACAG-1	myCAF	PA11	4.204327	12.948338
PDAC11-Tumor-GEX_out_ATGTGTGTCCTCGCAT-1	myCAF	PA11	4.843562	13.483515
PDAC11-Tumor-GEX_out_ATTCTACTCCAAAGTC-1	myCAF	PA11	5.826613	14.478831
PDAC11-Tumor-GEX_out_ATTGGTGAGCCAACAG-1	myCAF	PA11	5.192308	11.519988
PDAC11-Tumor-GEX_out_ATTTCTGGTAGCTGCC-1	myCAF	PA11	4.991594	11.622823
PDAC11-Tumor-GEX_out_CAACTAGGTTATCCGA-1	myCAF	PA11	4.5308685	12.159415
PDAC11-Tumor-GEX_out_CACAAACCACGTGAGA-1	myCAF	PA11	6.294141	13.228775
PDAC11-Tumor-GEX_out_CACACTCGTGTGAAAT-1	myCAF	PA11	6.5711837	12.287538
PDAC11-Tumor-GEX_out_CACAGTATCGTATCAG-1	iCAF	PA11	-4.799809	5.1134233
PDAC11-Tumor-GEX_out_CACATAGCATGGGACA-1	myCAF	PA11	5.790095	13.374016
PDAC11-Tumor-GEX_out_CACATTTGTAAAGGAG-1	myCAF	PA11	4.6042953	13.034095
PDAC11-Tumor-GEX_out_CACCACTCAGGGTTAG-1	myCAF	PA11	5.4605026	13.420845
PDAC11-Tumor-GEX_out_CAGAATCCATTGAGCT-1	myCAF	PA11	5.4712534	11.411951
PDAC11-Tumor-GEX_out_CAGAATCGTCGGCACT-1	myCAF	PA11	5.8135114	13.84473
PDAC11-Tumor-GEX_out_CAGAGAGGTTAGGGTG-1	myCAF	PA11	6.508326	13.854908
PDAC11-Tumor-GEX_out_CAGGTGCTCGGCTTGG-1	myCAF	PA11	4.4655504	11.868068
PDAC11-Tumor-GEX_out_CATCAAGCAATGGAGC-1	myCAF	PA11	6.9298563	14.083403
PDAC11-Tumor-GEX_out_CATCAGAAGAGGGATA-1	myCAF	PA11	4.3405423	12.219917
PDAC11-Tumor-GEX_out_CATCCACAGGCTAGAC-1	myCAF	PA11	4.205306	12.664111
PDAC11-Tumor-GEX_out_CATCCACCATGCTGGC-1	myCAF	PA11	5.084199	12.264158
PDAC11-Tumor-GEX_out_CATCGGGCAATCGAAA-1	myCAF	PA11	6.1004696	12.492794
PDAC11-Tumor-GEX_out_CATGGCGTCCAGTATG-1	myCAF	PA11	5.8982344	11.689821
PDAC11-Tumor-GEX_out_CATTATCAGAGAACAG-1	myCAF	PA11	7.02449	12.213361
PDAC11-Tumor-GEX_out_CATTCGCGTCACCCAG-1	myCAF	PA11	5.3780565	12.699126
PDAC11-Tumor-GEX_out_CATTCGCGTCTAGCCG-1	myCAF	PA11	6.5957327	13.845492
PDAC11-Tumor-GEX_out_CCACGGAGTAAGGGCT-1	myCAF	PA11	6.0435185	12.385683
PDAC11-Tumor-GEX_out_CCACGGAGTGCGGTAA-1	myCAF	PA11	6.999931	12.478745
PDAC11-Tumor-GEX_out_CCAGCGATCGGGAGTA-1	myCAF	PA11	3.807262	13.34803
PDAC11-Tumor-GEX_out_CCATGTCTCGTCTGAA-1	myCAF	PA11	4.6168294	12.092074
PDAC11-Tumor-GEX_out_CCATTCGGTTCGCTAA-1	myCAF	PA11	5.588457	12.882778
PDAC11-Tumor-GEX_out_CCCAGTTAGGTCATCT-1	myCAF	PA11	6.8027787	14.867582
PDAC11-Tumor-GEX_out_CCCAGTTGTCTGCGGT-1	myCAF	PA11	6.589975	14.607654
PDAC11-Tumor-GEX_out_CCCAGTTGTTAAAGTG-1	myCAF	PA11	6.2975507	13.282925
PDAC11-Tumor-GEX_out_CCCTCCTCAAGCCTAT-1	myCAF	PA11	3.1861603	13.14375
PDAC11-Tumor-GEX_out_CCGGTAGGTTAGTGGG-1	myCAF	PA11	6.2628098	14.944251
PDAC11-Tumor-GEX_out_CCGGTAGTCGGCGGTT-1	myCAF	PA11	3.8351781	11.836758
PDAC11-Tumor-GEX_out_CCGTACTTCGATCCCT-1	myCAF	PA11	7.0127044	12.824106
PDAC11-Tumor-GEX_out_CCGTGGATCCTGCTTG-1	myCAF	PA11	5.6928496	12.118348
PDAC11-Tumor-GEX_out_CCTAAAGCATTGTGCA-1	myCAF	PA11	7.051508	14.772949
PDAC11-Tumor-GEX_out_CCTACACCAGGACCCT-1	myCAF	PA11	5.0266776	13.171253
PDAC11-Tumor-GEX_out_CCTATTACACTCGACG-1	myCAF	PA11	5.2316875	13.028874
PDAC11-Tumor-GEX_out_CCTCAGTAGTTAAGTG-1	myCAF	PA11	5.533773	12.1662
PDAC11-Tumor-GEX_out_CCTCAGTCAACGATGG-1	myCAF	PA11	5.4391446	12.85902
PDAC11-Tumor-GEX_out_CCTCAGTCATGCATGT-1	myCAF	PA11	4.706143	11.660434
PDAC11-Tumor-GEX_out_CCTCTGAAGGCATTGG-1	iCAF	PA11	-1.8433146	7.721029
PDAC11-Tumor-GEX_out_CCTCTGACACATGGGA-1	myCAF	PA11	3.8933988	11.965961
PDAC11-Tumor-GEX_out_CCTTACGAGAGTGAGA-1	myCAF	PA11	5.765583	12.892895
PDAC11-Tumor-GEX_out_CCTTCCCAGTCCATAC-1	myCAF	PA11	5.418643	11.22843
PDAC11-Tumor-GEX_out_CGACTTCGTCAGCTAT-1	iCAF	PA11	-2.3862123	7.4311647
PDAC11-Tumor-GEX_out_CGAGAAGAGGCTATCT-1	myCAF	PA11	5.1821456	12.7681675
PDAC11-Tumor-GEX_out_CGATTGAAGAACTGTA-1	myCAF	PA11	5.6603546	13.882437
PDAC11-Tumor-GEX_out_CGCGGTAAGGGAACGG-1	myCAF	PA11	5.6657443	13.24505
PDAC11-Tumor-GEX_out_CGCGTTTCAATGGACG-1	myCAF	PA11	3.8805597	12.692801
PDAC11-Tumor-GEX_out_CGCGTTTTCAAACAAG-1	myCAF	PA11	3.0656888	13.638355
PDAC11-Tumor-GEX_out_CGCTATCCATGCATGT-1	myCAF	PA11	5.1818085	13.224397
PDAC11-Tumor-GEX_out_CGGACACCACCTTGTC-1	myCAF	PA11	4.203353	12.0372305
PDAC11-Tumor-GEX_out_CGGACGTGTGTCTGAT-1	myCAF	PA11	6.7424264	14.75955
PDAC11-Tumor-GEX_out_CGGAGCTTCTTCCTTC-1	myCAF	PA11	4.034787	14.099241
PDAC11-Tumor-GEX_out_CGGTTAACAGCTCGCA-1	myCAF	PA11	5.9632225	12.618648
PDAC11-Tumor-GEX_out_CGTAGGCGTCCCTTGT-1	myCAF	PA11	6.103232	12.140795
PDAC11-Tumor-GEX_out_CGTCACTCAGCCTATA-1	myCAF	PA11	2.9050982	13.703686
PDAC11-Tumor-GEX_out_CGTCAGGAGGACATTA-1	myCAF	PA11	4.5202584	12.555118
PDAC11-Tumor-GEX_out_CGTCTACAGGTGACCA-1	myCAF	PA11	4.1055884	13.549323
PDAC11-Tumor-GEX_out_CGTCTACCATCGGAAG-1	myCAF	PA11	6.4780703	12.350932
PDAC11-Tumor-GEX_out_CGTGTAAAGTCCAGGA-1	myCAF	PA11	6.8896813	12.922388
PDAC11-Tumor-GEX_out_CGTTCTGTCAAGAAGT-1	myCAF	PA11	5.4522924	12.566346
PDAC11-Tumor-GEX_out_CGTTCTGTCTTCGAGA-1	myCAF	PA11	5.462003	13.5225
PDAC11-Tumor-GEX_out_CTAACTTTCGGCCGAT-1	myCAF	PA11	6.5255876	15.243299
PDAC11-Tumor-GEX_out_CTAGAGTCAATGGACG-1	myCAF	PA11	5.6621776	12.154784
PDAC11-Tumor-GEX_out_CTAGAGTGTGCTGTAT-1	iCAF	PA11	-3.1036432	11.0394535
PDAC11-Tumor-GEX_out_CTAGTGATCTAACTTC-1	myCAF	PA11	3.8577232	13.167672
PDAC11-Tumor-GEX_out_CTCCTAGGTATATGGA-1	iCAF	PA11	-0.16975546	6.9414744
PDAC11-Tumor-GEX_out_CTCGAAAAGAATTGTG-1	myCAF	PA11	4.3967834	11.787483
PDAC11-Tumor-GEX_out_CTCTACGTCTTACCGC-1	myCAF	PA11	4.9402747	12.943009
PDAC11-Tumor-GEX_out_CTCTGGTAGTGGCACA-1	myCAF	PA11	4.8131557	12.765895
PDAC11-Tumor-GEX_out_CTGAAACGTCTTCTCG-1	myCAF	PA11	5.9332366	11.786567
PDAC11-Tumor-GEX_out_CTGTGCTCATAAAGGT-1	myCAF	PA11	4.2709923	12.924596
PDAC11-Tumor-GEX_out_CTGTTTAAGTGTACCT-1	myCAF	PA11	5.0961742	12.835781
PDAC11-Tumor-GEX_out_CTTAGGACACGGCGTT-1	myCAF	PA11	6.6444454	13.77712
PDAC11-Tumor-GEX_out_CTTCTCTCATCGGACC-1	myCAF	PA11	4.7576885	12.751854
PDAC11-Tumor-GEX_out_CTTCTCTTCACGGTTA-1	myCAF	PA11	4.0627394	12.2023
PDAC11-Tumor-GEX_out_CTTGGCTCACAAGACG-1	myCAF	PA11	6.857099	12.81125
PDAC11-Tumor-GEX_out_GAAACTCCAATAGCGG-1	myCAF	PA11	5.3056765	13.743353
PDAC11-Tumor-GEX_out_GAACATCGTATGAAAC-1	myCAF	PA11	4.8559303	12.942601
PDAC11-Tumor-GEX_out_GAATAAGGTACCTACA-1	iCAF	PA11	-3.402331	10.1191635
PDAC11-Tumor-GEX_out_GAATGAAGTGCTGTAT-1	myCAF	PA11	4.954139	13.55493
PDAC11-Tumor-GEX_out_GAATGAAGTTTGGGCC-1	myCAF	PA11	6.205202	13.521631
PDAC11-Tumor-GEX_out_GACAGAGTCATGCATG-1	myCAF	PA11	4.4705944	12.13101
PDAC11-Tumor-GEX_out_GACGTGCCAAGCCTAT-1	myCAF	PA11	4.7459745	14.366589
PDAC11-Tumor-GEX_out_GAGGTGACAAAGTCAA-1	myCAF	PA11	5.3436503	12.913423
PDAC11-Tumor-GEX_out_GAGGTGAGTACAGACG-1	myCAF	PA11	5.7715526	11.423291
PDAC11-Tumor-GEX_out_GAGGTGAGTACCCAAT-1	myCAF	PA11	6.5085835	15.163456
PDAC11-Tumor-GEX_out_GAGGTGATCACAAACC-1	myCAF	PA11	6.4337354	14.016582
PDAC11-Tumor-GEX_out_GAGTCCGCAGGTGGAT-1	myCAF	PA11	6.8895874	11.928785
PDAC11-Tumor-GEX_out_GAGTCCGGTATGGTTC-1	myCAF	PA11	4.742215	13.834639
PDAC11-Tumor-GEX_out_GATCGATCAGACAAAT-1	iCAF	PA11	-3.4113846	7.6697135
PDAC11-Tumor-GEX_out_GATTCAGAGCTAACTC-1	myCAF	PA11	4.7807093	12.217418
PDAC11-Tumor-GEX_out_GATTCAGCAGGAATGC-1	myCAF	PA11	4.618186	13.857729
PDAC11-Tumor-GEX_out_GCAAACTAGATAGTCA-1	myCAF	PA11	6.009913	13.285787
PDAC11-Tumor-GEX_out_GCAAACTTCTCCAACC-1	myCAF	PA11	5.749568	14.341074
PDAC11-Tumor-GEX_out_GCAATCACACGTCTCT-1	myCAF	PA11	5.378082	12.891302
PDAC11-Tumor-GEX_out_GCACATAGTCCGTGAC-1	myCAF	PA11	6.473819	14.94749
PDAC11-Tumor-GEX_out_GCACTCTTCTGCGACG-1	myCAF	PA11	5.7090087	13.242867
PDAC11-Tumor-GEX_out_GCATACACACCGATAT-1	myCAF	PA11	5.134637	11.356202
PDAC11-Tumor-GEX_out_GCATACATCAGCTCTC-1	myCAF	PA11	6.1696234	14.205516
PDAC11-Tumor-GEX_out_GCATGATAGAGATGAG-1	iCAF	PA11	-4.447762	5.3585963
PDAC11-Tumor-GEX_out_GCATGATCAAGCGAGT-1	myCAF	PA11	4.863824	14.694367
PDAC11-Tumor-GEX_out_GCATGATGTTGCTCCT-1	myCAF	PA11	5.4971714	12.393543
PDAC11-Tumor-GEX_out_GCATGCGTCTGTTGAG-1	myCAF	PA11	6.7345047	12.456126
PDAC11-Tumor-GEX_out_GCATGTAAGTCGATAA-1	myCAF	PA11	6.2538967	12.843107
PDAC11-Tumor-GEX_out_GCCTCTATCCGCGGTA-1	myCAF	PA11	3.7089849	12.975492
PDAC11-Tumor-GEX_out_GCCTCTATCTAGCACA-1	myCAF	PA11	4.713038	12.935488
PDAC11-Tumor-GEX_out_GCGCAACTCCGCAAGC-1	myCAF	PA11	6.6190443	12.937193
PDAC11-Tumor-GEX_out_GCGCAGTAGAGACTTA-1	myCAF	PA11	5.6342316	12.655724
PDAC11-Tumor-GEX_out_GCGCCAACATATGAGA-1	myCAF	PA11	4.8473806	14.128286
PDAC11-Tumor-GEX_out_GCTCCTAAGATCCCAT-1	myCAF	PA11	5.7845974	11.62792
PDAC11-Tumor-GEX_out_GCTGCAGAGTTTAGGA-1	myCAF	PA11	6.9105062	14.966525
PDAC11-Tumor-GEX_out_GCTTGAACAAAGTCAA-1	myCAF	PA11	5.343389	12.472888
PDAC11-Tumor-GEX_out_GGATGTTAGAGACTTA-1	myCAF	PA11	4.526112	14.371808
PDAC11-Tumor-GEX_out_GGATTACAGGACATTA-1	myCAF	PA11	3.0976028	13.091281
PDAC11-Tumor-GEX_out_GGCGACTCAGCGAACA-1	myCAF	PA11	3.1337636	13.399109
PDAC11-Tumor-GEX_out_GGCTGGTCAATAGCGG-1	iCAF	PA11	0.41477984	6.9141994
PDAC11-Tumor-GEX_out_GGCTGGTCAGGTGGAT-1	myCAF	PA11	4.0751004	12.52629
PDAC11-Tumor-GEX_out_GGGACCTAGTACACCT-1	myCAF	PA11	4.532541	12.850968
PDAC11-Tumor-GEX_out_GGGCACTTCCTGTAGA-1	myCAF	PA11	6.930949	14.983646
PDAC11-Tumor-GEX_out_GGGCATCCAAGCTGAG-1	myCAF	PA11	5.3866177	11.181944
PDAC11-Tumor-GEX_out_GGGCATCGTCTCATCC-1	myCAF	PA11	3.9196734	13.82571
PDAC11-Tumor-GEX_out_GGTATTGCAAGTAATG-1	myCAF	PA11	4.0477953	12.807508
PDAC11-Tumor-GEX_out_GGTGAAGCAGCTCCGA-1	myCAF	PA11	6.590801	12.337049
PDAC11-Tumor-GEX_out_GTACGTATCGTCACGG-1	myCAF	PA11	6.381995	11.987657
PDAC11-Tumor-GEX_out_GTACTTTAGTCACGCC-1	myCAF	PA11	3.8652048	12.270001
PDAC11-Tumor-GEX_out_GTACTTTGTAAGTAGT-1	myCAF	PA11	5.341296	12.367464
PDAC11-Tumor-GEX_out_GTAGGCCAGAGACTAT-1	myCAF	PA11	6.05097	12.575924
PDAC11-Tumor-GEX_out_GTCGTAATCATCGATG-1	myCAF	PA11	4.8393903	12.593539
PDAC11-Tumor-GEX_out_GTCTCGTAGAATGTTG-1	iCAF	PA11	-3.748316	7.12975
PDAC11-Tumor-GEX_out_GTCTTCGCACATTCGA-1	myCAF	PA11	4.8425546	12.784742
PDAC11-Tumor-GEX_out_GTCTTCGGTTGATTGC-1	iCAF	PA11	-4.3603334	7.7449026
PDAC11-Tumor-GEX_out_GTGCATAGTAAGAGAG-1	myCAF	PA11	6.070192	12.645553
PDAC11-Tumor-GEX_out_GTGCATAGTGTAAGTA-1	myCAF	PA11	4.247064	12.641685
PDAC11-Tumor-GEX_out_GTGCTTCTCTGTACGA-1	myCAF	PA11	4.163706	12.971374
PDAC11-Tumor-GEX_out_GTGGGTCCAGCCTGTG-1	myCAF	PA11	3.1949549	12.938714
PDAC11-Tumor-GEX_out_GTGTGCGAGAACTGTA-1	myCAF	PA11	3.5326755	13.073045
PDAC11-Tumor-GEX_out_GTTACAGCATCCCATC-1	myCAF	PA11	4.196645	12.858067
PDAC11-Tumor-GEX_out_GTTCGGGAGAAGGCCT-1	myCAF	PA11	3.8939328	13.800827
PDAC11-Tumor-GEX_out_TAAGAGAGTAGTAGTA-1	myCAF	PA11	6.340866	14.013662
PDAC11-Tumor-GEX_out_TAAGTGCGTTTAGGAA-1	myCAF	PA11	5.3972526	12.759916
PDAC11-Tumor-GEX_out_TAAGTGCTCGTCTGCT-1	myCAF	PA11	6.7809258	12.672103
PDAC11-Tumor-GEX_out_TAAGTGCTCTTAGCCC-1	myCAF	PA11	6.226364	14.348178
PDAC11-Tumor-GEX_out_TACACGAAGGCAAAGA-1	myCAF	PA11	4.185742	12.066045
PDAC11-Tumor-GEX_out_TACTCATAGATCCCAT-1	myCAF	PA11	5.9110966	13.420357
PDAC11-Tumor-GEX_out_TACTCATCAGACAAAT-1	myCAF	PA11	5.310872	11.405021
PDAC11-Tumor-GEX_out_TACTCATGTAAGGGAA-1	myCAF	PA11	4.9468026	13.395123
PDAC11-Tumor-GEX_out_TACTTACGTTCAGCGC-1	iCAF	PA11	-3.3103724	8.44309
PDAC11-Tumor-GEX_out_TACTTACGTTCGTTGA-1	myCAF	PA11	5.99326	12.656426
PDAC11-Tumor-GEX_out_TAGAGCTAGACACTAA-1	myCAF	PA11	6.848935	13.547286
PDAC11-Tumor-GEX_out_TAGCCGGGTGTTGGGA-1	myCAF	PA11	4.911664	14.07852
PDAC11-Tumor-GEX_out_TAGTGGTTCGCGGATC-1	myCAF	PA11	6.4994197	13.79328
PDAC11-Tumor-GEX_out_TATCAGGAGCCCAATT-1	myCAF	PA11	6.2979317	13.439962
PDAC11-Tumor-GEX_out_TATCAGGTCCACTCCA-1	iCAF	PA11	-1.1987346	6.7477446
PDAC11-Tumor-GEX_out_TATTACCTCAGTACGT-1	myCAF	PA11	4.818129	12.682041
PDAC11-Tumor-GEX_out_TCAACGAAGATGTGTA-1	iCAF	PA11	-0.78317815	6.8955836
PDAC11-Tumor-GEX_out_TCAATCTGTGCAACTT-1	myCAF	PA11	3.1175504	13.202373
PDAC11-Tumor-GEX_out_TCAGATGTCAGTTAGC-1	myCAF	PA11	4.413326	12.600975
PDAC11-Tumor-GEX_out_TCAGCTCAGGTGCTAG-1	myCAF	PA11	5.455582	11.461687
PDAC11-Tumor-GEX_out_TCAGGATAGTGCGATG-1	myCAF	PA11	6.0757127	13.766767
PDAC11-Tumor-GEX_out_TCGAGGCTCAGTCCCT-1	myCAF	PA11	6.5598464	14.816879
PDAC11-Tumor-GEX_out_TCGCGAGTCTTACCTA-1	myCAF	PA11	6.555232	14.817353
PDAC11-Tumor-GEX_out_TCGTAGACAGATCCAT-1	iCAF	PA11	-3.0392594	8.974017
PDAC11-Tumor-GEX_out_TCTCTAAAGAGCAATT-1	myCAF	PA11	2.7771184	13.422488
PDAC11-Tumor-GEX_out_TCTCTAAAGGGTCGAT-1	myCAF	PA11	6.096542	14.805905
PDAC11-Tumor-GEX_out_TCTCTAATCTGAAAGA-1	iCAF	PA11	-4.051716	7.957759
PDAC11-Tumor-GEX_out_TCTTCGGGTGCTCTTC-1	iCAF	PA11	-1.2663519	6.84054
PDAC11-Tumor-GEX_out_TGACAACCACCCTATC-1	iCAF	PA11	-4.497375	6.918098
PDAC11-Tumor-GEX_out_TGACAACCAGCTGCAC-1	myCAF	PA11	3.869782	12.788272
PDAC11-Tumor-GEX_out_TGACGGCTCTTTACGT-1	myCAF	PA11	6.7659135	14.014726
PDAC11-Tumor-GEX_out_TGAGAGGTCCAAATGC-1	myCAF	PA11	4.788983	12.681442
PDAC11-Tumor-GEX_out_TGAGGGATCTTTAGGG-1	myCAF	PA11	5.335374	12.485069
PDAC11-Tumor-GEX_out_TGATTTCCAAAGAATC-1	myCAF	PA11	4.8131084	11.794398
PDAC11-Tumor-GEX_out_TGCACCTCAGGCTGAA-1	myCAF	PA11	4.5003147	14.199338
PDAC11-Tumor-GEX_out_TGCGCAGCAGATGGGT-1	myCAF	PA11	6.7929883	14.97862
PDAC11-Tumor-GEX_out_TGCTACCGTCATATCG-1	myCAF	PA11	5.218961	13.687072
PDAC11-Tumor-GEX_out_TGGTTAGAGATGCCTT-1	myCAF	PA11	3.5872736	13.909162
PDAC11-Tumor-GEX_out_TGGTTAGGTTGAGTTC-1	iCAF	PA11	-3.313334	7.22241
PDAC11-Tumor-GEX_out_TGTGGTAGTCGAACAG-1	myCAF	PA11	7.170354	12.779413
PDAC11-Tumor-GEX_out_TTAACTCAGCGGCTTC-1	myCAF	PA11	6.6416645	15.159145
PDAC11-Tumor-GEX_out_TTAACTCTCACAAACC-1	myCAF	PA11	3.8971877	12.849216
PDAC11-Tumor-GEX_out_TTAGGACCATTTCAGG-1	myCAF	PA11	6.050598	12.042551
PDAC11-Tumor-GEX_out_TTAGTTCCAGTTCCCT-1	myCAF	PA11	5.0430813	13.211185
PDAC11-Tumor-GEX_out_TTATGCTGTTACGACT-1	iCAF	PA11	-2.182323	8.739786
PDAC11-Tumor-GEX_out_TTCTACAGTCGTGGCT-1	myCAF	PA11	6.132885	13.345161
PDAC11-Tumor-GEX_out_TTCTCCTTCAAACCAC-1	myCAF	PA11	4.83725	13.197573
PDAC11-Tumor-GEX_out_TTGGAACTCAGTACGT-1	myCAF	PA11	5.152243	12.480693
PDAC11-Tumor-GEX_out_TTGTAGGTCTGAGGGA-1	myCAF	PA11	6.209038	13.645604
PDAC11-Tumor-GEX_out_TTTGTCAAGACTGTAA-1	myCAF	PA11	6.354016	14.480995
PDAC12-Tumor-GEX_out_CACAGGCTCAGCTCGG-1	iCAF	PA12	-4.091815	10.905559
PDAC13-Tumor-GEX_out_ACAGCTAAGGACTGGT-1	iCAF	PA13	-0.48142064	6.115825
PDAC13-Tumor-GEX_out_ACAGCTAGTATGCTTG-1	iCAF	PA13	0.351163	6.372971
PDAC13-Tumor-GEX_out_ACGTCAATCTGCTGCT-1	iCAF	PA13	-0.17388177	7.002402
PDAC13-Tumor-GEX_out_AGATCTGGTCACAAGG-1	myCAF	PA13	2.2859805	12.36736
PDAC13-Tumor-GEX_out_AGCAGCCGTAGCAAAT-1	iCAF	PA13	0.20733623	6.384923
PDAC13-Tumor-GEX_out_AGCCTAATCCAGTAGT-1	myCAF	PA13	5.5106325	14.160361
PDAC13-Tumor-GEX_out_AGGTCCGAGCAGCCTC-1	iCAF	PA13	0.11328473	6.232183
PDAC13-Tumor-GEX_out_ATAAGAGGTATATCCG-1	myCAF	PA13	5.3670826	12.268589
PDAC13-Tumor-GEX_out_ATCATGGTCCGCATAA-1	myCAF	PA13	6.0165606	13.717622
PDAC13-Tumor-GEX_out_ATGCGATGTCGCGTGT-1	myCAF	PA13	4.5828896	13.802974
PDAC13-Tumor-GEX_out_ATGTGTGGTCTCTCGT-1	myCAF	PA13	3.0108697	13.343725
PDAC13-Tumor-GEX_out_CAAGAAACAGTCTTCC-1	myCAF	PA13	5.0169497	13.196266
PDAC13-Tumor-GEX_out_CACAGTAGTAGCCTAT-1	iCAF	PA13	-4.229444	5.412269
PDAC13-Tumor-GEX_out_CACATTTCAAGAGGCT-1	iCAF	PA13	0.11849387	6.5140014
PDAC13-Tumor-GEX_out_CATCGGGAGAATTGTG-1	myCAF	PA13	5.35097	11.482801
PDAC13-Tumor-GEX_out_CATCGGGCAAGCGTAG-1	myCAF	PA13	5.871479	11.678884
PDAC13-Tumor-GEX_out_CCACTACGTCCGCTGA-1	myCAF	PA13	4.810916	11.745629
PDAC13-Tumor-GEX_out_CCTCAGTTCCAAGCCG-1	myCAF	PA13	5.9594445	13.213328
PDAC13-Tumor-GEX_out_CCTCTGAAGACCCACC-1	iCAF	PA13	-2.1985574	6.139818
PDAC13-Tumor-GEX_out_CGCCAAGTCCGCATAA-1	myCAF	PA13	6.0702887	14.182974
PDAC13-Tumor-GEX_out_CGCGGTAGTTCCGGCA-1	iCAF	PA13	-0.32782552	6.283683
PDAC13-Tumor-GEX_out_CGGAGCTCACTGTTAG-1	myCAF	PA13	3.8516355	11.3133745
PDAC13-Tumor-GEX_out_CGGCTAGCAATCCGAT-1	myCAF	PA13	4.00712	12.664062
PDAC13-Tumor-GEX_out_CGGCTAGGTTCCGTCT-1	iCAF	PA13	-4.4397655	5.461825
PDAC13-Tumor-GEX_out_CGTCCATTCTGCTGCT-1	iCAF	PA13	-4.667106	5.2039714
PDAC13-Tumor-GEX_out_CGTCTACCAGGCTCAC-1	myCAF	PA13	4.669975	14.561689
PDAC13-Tumor-GEX_out_CTACATTGTCATGCAT-1	iCAF	PA13	-2.0245774	6.7592425
PDAC13-Tumor-GEX_out_CTCAGAATCTGCAGTA-1	iCAF	PA13	-4.154299	7.775406
PDAC13-Tumor-GEX_out_CTGAAACCAGTTTACG-1	iCAF	PA13	-0.837546	6.073152
PDAC13-Tumor-GEX_out_GACAGAGAGGCGCTCT-1	myCAF	PA13	4.4740853	12.409165
PDAC13-Tumor-GEX_out_GATCGTATCATATCGG-1	myCAF	PA13	3.374465	13.913285
PDAC13-Tumor-GEX_out_GCATGTATCTCCTATA-1	myCAF	PA13	4.9118137	11.502526
PDAC13-Tumor-GEX_out_GCGCGATTCTGTCCGT-1	iCAF	PA13	-1.331414	6.184563
PDAC13-Tumor-GEX_out_GCTTGAAAGTGAACAT-1	myCAF	PA13	6.7236924	12.315912
PDAC13-Tumor-GEX_out_GGCAATTAGCCACGTC-1	iCAF	PA13	-4.533685	5.4372177
PDAC13-Tumor-GEX_out_GTATTCTCATCTGGTA-1	iCAF	PA13	0.38971058	6.692546
PDAC13-Tumor-GEX_out_GTCACGGGTAAATGTG-1	iCAF	PA13	-0.6961746	6.2798996
PDAC13-Tumor-GEX_out_GTGCGGTAGCGATATA-1	myCAF	PA13	3.0929816	13.168322
PDAC13-Tumor-GEX_out_GTGCTTCAGTATGACA-1	iCAF	PA13	0.38270143	6.656204
PDAC13-Tumor-GEX_out_GTGGGTCAGCCCGAAA-1	iCAF	PA13	0.28020996	7.3324237
PDAC13-Tumor-GEX_out_GTTCGGGAGGCCCTTG-1	myCAF	PA13	7.2494087	12.242237
PDAC13-Tumor-GEX_out_TAAACCGGTAGCTAAA-1	iCAF	PA13	-4.515876	5.185498
PDAC13-Tumor-GEX_out_TACACGACATCCGCGA-1	myCAF	PA13	5.8685827	11.460673
PDAC13-Tumor-GEX_out_TAGAGCTGTTCTCATT-1	iCAF	PA13	-2.9644492	6.438322
PDAC13-Tumor-GEX_out_TCAGGATAGTTTCCTT-1	iCAF	PA13	-4.052481	8.209433
PDAC13-Tumor-GEX_out_TCTCATACACCAGGTC-1	myCAF	PA13	6.2803144	12.409438
PDAC13-Tumor-GEX_out_TGACAACAGGCTAGGT-1	myCAF	PA13	6.798896	14.641361
PDAC13-Tumor-GEX_out_TGACGGCTCCCATTTA-1	iCAF	PA13	-1.4619656	6.7056074
PDAC13-Tumor-GEX_out_TGACTAGGTACGCACC-1	iCAF	PA13	-4.723491	7.2514
PDAC13-Tumor-GEX_out_TGACTTTTCTCCAGGG-1	iCAF	PA13	0.15520892	6.235309
PDAC13-Tumor-GEX_out_TGAGAGGCAGACTCGC-1	myCAF	PA13	6.4638624	12.0188055
PDAC13-Tumor-GEX_out_TGAGCCGGTTCGGCAC-1	myCAF	PA13	6.53488	12.135929
PDAC13-Tumor-GEX_out_TGGACGCAGACGCTTT-1	myCAF	PA13	3.1976528	13.831537
PDAC13-Tumor-GEX_out_TGTGGTATCTTAGAGC-1	myCAF	PA13	4.2143407	11.507152
PDAC13-Tumor-GEX_out_TTAGGCATCTTCATGT-1	myCAF	PA13	4.4829526	12.088147
PDAC13-Tumor-GEX_out_TTCTCAAAGGATGCGT-1	iCAF	PA13	-0.29515675	7.086501
PDAC13-Tumor-GEX_out_TTGAACGCAGGTCTCG-1	iCAF	PA13	0.34599766	6.616666
PDAC13-Tumor-GEX_out_TTTGCGCGTTCAACCA-1	myCAF	PA13	6.350055	13.475015
PDAC14-Tumor-GEX_out_ACGGAGATCAGGTAAA-1	iCAF	PA14	-4.702599	7.365328
PDAC14-Tumor-GEX_out_ACTGTCCCATGCAACT-1	iCAF	PA14	-4.1814413	6.856043
PDAC14-Tumor-GEX_out_ATGGGAGGTTACCAGT-1	iCAF	PA14	-4.190972	10.672142
PDAC14-Tumor-GEX_out_CAGCGACAGCAGCGTA-1	iCAF	PA14	-3.93319	11.58947
PDAC14-Tumor-GEX_out_CCGTACTGTCGCATCG-1	iCAF	PA14	-2.854731	9.487605
PDAC14-Tumor-GEX_out_CCTTACGCATAGAAAC-1	iCAF	PA14	-4.711232	7.3177657
PDAC14-Tumor-GEX_out_GTAGGCCAGGACAGAA-1	iCAF	PA14	-4.113181	8.081369
PDAC14-Tumor-GEX_out_GTTTCTACACCCATTC-1	iCAF	PA14	-3.405967	9.697992
PDAC14-Tumor-GEX_out_TACAGTGGTGACTACT-1	iCAF	PA14	-4.1390014	5.6848845
PDAC14-Tumor-GEX_out_TCAGGTATCCTTGACC-1	iCAF	PA14	-3.822528	7.5870996
PDAC14-Tumor-GEX_out_TGAGCATTCGTTTAGG-1	iCAF	PA14	-4.420014	11.076836
PDAC14-Tumor-GEX_out_TGGCTGGGTGCATCTA-1	iCAF	PA14	-4.0143905	7.6904945
PDAC14-Tumor-GEX_out_TGTTCCGAGCCCTAAT-1	iCAF	PA14	-0.25302655	6.4519377
PDAC14-Tumor-GEX_out_TTGAACGCACTTAACG-1	iCAF	PA14	-4.6200547	6.8581824
PDAC14-Tumor-GEX_out_TTTGTCATCAGCAACT-1	iCAF	PA14	-4.6271205	7.3865614
