	Fibroblast2	batch	UMAP_1	UMAP_2
T1_AAACCTGAGATGTCGG	iCAF	T1	4.7015185	9.174615
T1_CAACCTCCAAGTAGTA	iCAF	T1	4.722853	9.359432
T1_CGACCTTGTTGGTAAA	iCAF	T1	4.037969	9.28851
T1_CTTACCGAGAAACCTA	iCAF	T1	6.150113	11.565342
T1_GGGAATGAGACAGAGA	iCAF	T1	6.1231875	10.461228
T1_GTGTGCGCAGTCACTA	iCAF	T1	5.6113544	9.846187
T1_TCAACGATCAACACTG	iCAF	T1	5.96751	9.445479
T3_ATAACGCGTCACACGC	iCAF	T3	4.1891637	10.970277
T3_CAGCGACGTCCTAGCG	iCAF	T3	4.400766	11.689789
T3_CCAATCCTCACTTACT	iCAF	T3	3.7762163	9.348491
T3_CGAGCCAAGTTATCGC	Hybrid	T3	10.174689	3.600863
T3_CGCTGGAGTGAACCTT	iCAF	T3	4.1448164	9.367597
T3_GAATAAGTCAATACCG	iCAF	T3	5.403232	10.620034
T3_GCGCAACAGCTAGCCC	iCAF	T3	4.1375484	6.179479
T3_GCTTCCAAGAGTACAT	myCAF	T3	13.646169	3.4994516
T4_AACTTTCAGTCCTCCT	myCAF	T4	11.940865	2.0994778
T4_ACGAGGAGTAACGACG	iCAF	T4	3.7491615	10.582737
T4_AGACGTTCATGCTAGT	myCAF	T4	10.437958	1.1347734
T4_ATGAGGGTCTCCAGGG	myCAF	T4	11.455888	2.7401476
T4_GCATGATGTACCGGCT	myCAF	T4	11.101268	1.2987272
T4_GTTCATTGTCCATCCT	iCAF	T4	3.4197915	10.639175
T4_TAAGTGCCAATGGTCT	iCAF	T4	3.8673701	10.170767
T4_TCAACGACAATAGCAA	iCAF	T4	4.853754	10.928924
T4_TGGGAAGAGCGATGAC	myCAF	T4	12.029896	2.434361
T5_ACGGAGAGTAGGGTAC	iCAF	T5	4.9813876	11.0575695
T5_CAGCGACTCTAACTTC	iCAF	T5	6.33256	10.155686
T5_CATTATCGTGCATCTA	iCAF	T5	4.53958	9.153991
T5_CTGCTGTCAACGATCT	iCAF	T5	3.9210265	7.239367
T5_GAAATGAAGACCTTTG	iCAF	T5	3.805424	8.877156
T5_GCATGCGGTTCTGAAC	iCAF	T5	5.852067	10.279579
T5_GCCAAATAGATGTGGC	iCAF	T5	4.815772	11.692494
T5_GGCAATTAGCGCCTCA	iCAF	T5	4.4770665	9.734468
T5_GGCTCGAGTCCTCTTG	iCAF	T5	5.199599	10.23959
T5_TGCGCAGTCACCCGAG	iCAF	T5	4.7186904	7.3259706
T5_TTGCCGTTCTCAAGTG	iCAF	T5	4.6963844	9.881974
T6_GGGATGATCACTTATC	iCAF	T6	4.5389323	7.5895734
T6_TGAGAGGAGTAGGCCA	iCAF	T6	4.98391	6.9716563
T6_TTTGCGCAGGTACTCT	myCAF	T6	11.86249	1.361187
T7_GCATGCGAGACTCGGA	iCAF	T7	4.249935	11.739062
T8_CTTACCGGTTAGAACA	myCAF	T8	11.563291	2.8063157
T9_AACTCTTAGATAGGAG	myCAF	T9	12.10829	3.0984604
T9_AAGACCTGTTGGGACA	myCAF	T9	13.935095	3.3392198
T9_AAGCCGCAGTGACTCT	Hybrid	T9	10.525478	2.300982
T9_AAGGTTCGTGCACCAC	myCAF	T9	11.192743	1.3345436
T9_AATCGGTCACATCCGG	myCAF	T9	13.303403	3.5240078
T9_ACGGCCAAGCTGAAAT	myCAF	T9	12.166016	2.4196203
T9_ACGGGCTCAGCCAGAA	iCAF	T9	3.4516487	5.7265244
T9_ACTGAACAGGGTTTCT	myCAF	T9	12.293367	-0.5473709
T9_AGCGTCGCATCGACGC	myCAF	T9	13.069252	-0.6443559
T9_AGGCCACGTAAACGCG	myCAF	T9	12.101646	3.478356
T9_ATAACGCAGCCAGGAT	Hybrid	T9	8.148301	2.6958616
T9_CAAGATCAGTGTGGCA	myCAF	T9	12.45861	1.7607541
T9_CAAGATCCAGTAACGG	myCAF	T9	11.077445	1.2207384
T9_CACAGTAGTGTGAAAT	myCAF	T9	12.796215	2.4471617
T9_CACCAGGTCACCGGGT	myCAF	T9	12.238694	0.9067069
T9_CAGAGAGGTAGCGTAG	myCAF	T9	12.412299	2.8946369
T9_CAGATCAAGGCCATAG	myCAF	T9	12.581531	3.0281532
T9_CAGCAGCGTTCAGTAC	myCAF	T9	13.173635	3.2535534
T9_CAGCTGGTCCAAGTAC	myCAF	T9	14.267191	2.9802358
T9_CCTACACTCGGTTAAC	Hybrid	T9	9.826713	1.5069828
T9_CCTTACGGTACCAGTT	myCAF	T9	11.8106785	1.7467338
T9_CGGACGTGTTCTGGTA	myCAF	T9	12.366886	2.110118
T9_CGGACTGTCAGCGATT	myCAF	T9	11.229468	1.1810291
T9_CGGAGTCAGCTAAGAT	myCAF	T9	12.194225	1.9429933
T9_CGTCCATCATCGGAAG	myCAF	T9	12.000069	3.036576
T9_CTACACCTCGGTCCGA	myCAF	T9	13.040543	2.445103
T9_CTGGTCTAGTATTGGA	myCAF	T9	12.625072	3.7794774
T9_GCCAAATAGTCTCCTC	myCAF	T9	12.693627	0.25298154
T9_GCCAAATCACTAAGTC	myCAF	T9	11.77417	1.7866696
T9_GCTGCTTGTCATTAGC	myCAF	T9	13.126989	0.9372737
T9_GGAACTTTCGTGGTCG	myCAF	T9	13.780915	1.8275645
T9_GGACATTAGGTAGCCA	myCAF	T9	11.368144	1.1263905
T9_GGCGTGTAGACCGGAT	myCAF	T9	11.641339	1.4342121
T9_GGGAATGGTATGCTTG	myCAF	T9	13.51774	3.5114825
T9_GGGACCTGTCATATCG	myCAF	T9	13.236619	3.2912285
T9_GTACGTATCTGGCGAC	myCAF	T9	11.588999	2.9614778
T9_GTAGGCCCAACGATCT	myCAF	T9	12.0947	2.1606884
T9_GTATCTTCACAGTCGC	myCAF	T9	12.499973	2.0397506
T9_GTGCGGTAGAGTACCG	myCAF	T9	12.110722	3.0378752
T9_TACCTTACAATGCCAT	myCAF	T9	11.322579	2.464927
T9_TATCTCACACATGTGT	myCAF	T9	12.725012	-0.6578005
T9_TCCCGATTCGCAAACT	myCAF	T9	14.338561	2.6006556
T9_TCGGGACTCATGGTCA	myCAF	T9	13.63653	1.3550595
T9_TCGGTAAAGTCCATAC	myCAF	T9	11.352669	0.30049738
T9_TCGGTAATCCGCGCAA	myCAF	T9	13.274423	3.6137018
T9_TGACTTTAGGTGACCA	myCAF	T9	12.351573	3.5819683
T9_TGCGTGGAGGAACTGC	myCAF	T9	11.4023	0.10671667
T9_TGGCCAGTCTGTCTAT	myCAF	T9	11.340269	0.56638217
T9_TGGGCGTGTTGATTCG	myCAF	T9	11.603342	3.1528609
T9_TTCTTAGCATTCTCAT	myCAF	T9	11.824869	1.6514809
T9_TTGACTTGTTGGTAAA	myCAF	T9	13.817897	0.445316
T9_TTTATGCTCTTAGAGC	myCAF	T9	12.697683	1.2461351
T10_CACCTTGGTTTACTCT	iCAF	T10	6.622364	7.43512
T11_AAAGATGAGTGGAGTC	myCAF	T11	12.831414	1.6935123
T11_AAAGCAAGTACCGGCT	myCAF	T11	12.196605	2.5968785
T11_AACCGCGAGGACACCA	myCAF	T11	12.39115	0.5757071
T11_AACTCAGGTTGTCTTT	myCAF	T11	12.343939	0.69559765
T11_AAGCCGCCATGCCACG	myCAF	T11	13.142193	1.1530099
T11_ACACCCTCACTTAAGC	iCAF	T11	4.2345004	9.767651
T11_ACATGGTAGATGTGGC	myCAF	T11	12.600477	2.325831
T11_ACCAGTACAAACCCAT	myCAF	T11	12.310164	1.7817352
T11_ACCCACTGTAGTGAAT	iCAF	T11	6.0343127	11.512534
T11_ACGCCAGAGCTACCTA	myCAF	T11	11.167848	1.3374604
T11_ACGGAGACACTTAACG	myCAF	T11	12.42672	1.8369128
T11_ACGGAGAGTCGTTGTA	myCAF	T11	12.260616	2.8713405
T11_ACGTCAATCAGCTCTC	myCAF	T11	12.888148	-0.58223844
T11_ACTGAGTCATGGTAGG	iCAF	T11	3.6460063	10.210599
T11_ACTTTCACACATTTCT	myCAF	T11	12.415501	2.3686533
T11_ACTTTCATCGACGGAA	iCAF	T11	5.8603063	11.544937
T11_AGAATAGAGAGGTTGC	myCAF	T11	12.222869	0.85650325
T11_AGCCTAATCGTTGACA	iCAF	T11	5.910233	9.685654
T11_AGCGGTCTCCAGTAGT	myCAF	T11	12.5270605	1.7117168
T11_AGCGTATCAGTGAGTG	myCAF	T11	12.001021	0.77436185
T11_AGCTTGATCGTCCGTT	myCAF	T11	12.97356	1.6110468
T11_AGGGATGAGATCGGGT	iCAF	T11	5.0413175	11.441795
T11_AGGTCATTCAGGCCCA	iCAF	T11	5.3628297	10.560948
T11_AGTCTTTGTCTGCAAT	myCAF	T11	12.622496	1.6520665
T11_ATAACGCCACAACTGT	myCAF	T11	11.607135	2.0753417
T11_ATAGACCGTCCTCTTG	myCAF	T11	12.832411	1.7246221
T11_ATCACGAAGAAGGTGA	iCAF	T11	5.8027563	10.115765
T11_ATCACGAGTCGAGTTT	iCAF	T11	5.3792167	10.154727
T11_ATCGAGTGTTAGTGGG	myCAF	T11	12.299929	1.4385767
T11_ATTATCCTCTGGTGTA	iCAF	T11	4.063188	9.913951
T11_ATTCTACCAGGATCGA	myCAF	T11	11.087397	1.8127493
T11_ATTTCTGCATCCGGGT	iCAF	T11	5.830016	11.135534
T11_CAAGGCCTCCACGTTC	myCAF	T11	12.833035	0.12980992
T11_CACAAACTCGTGGGAA	iCAF	T11	3.7139227	10.911159
T11_CACACTCTCGAATCCA	iCAF	T11	5.588331	11.547372
T11_CACATTTGTAGCACGA	myCAF	T11	13.40726	2.1453183
T11_CACATTTTCACAATGC	iCAF	T11	6.2606387	10.750403
T11_CACATTTTCCACGTTC	iCAF	T11	5.272444	11.495193
T11_CACTCCAAGTCAAGGC	myCAF	T11	12.045888	2.444796
T11_CAGAATCAGTGGGCTA	iCAF	T11	3.2752402	10.585719
T11_CAGATCATCTCTTATG	myCAF	T11	12.049101	3.7131777
T11_CAGATCATCTGACCTC	iCAF	T11	6.003957	10.993097
T11_CATTCGCCACACCGCA	iCAF	T11	5.7296314	10.359709
T11_CCACGGACAACTGGCC	iCAF	T11	3.583994	11.326537
T11_CCCAGTTGTTCACGGC	iCAF	T11	3.3423963	11.161538
T11_CCCTCCTGTACATGTC	myCAF	T11	12.474728	-0.53104913
T11_CCGTTCACATGTTCCC	myCAF	T11	12.253089	1.2716278
T11_CCTACCAAGATGTGTA	myCAF	T11	11.80824	-0.41182676
T11_CCTTTCTGTGGGTATG	myCAF	T11	13.363449	1.1624523
T11_CGACCTTCAAACCTAC	iCAF	T11	6.3064923	10.20066
T11_CGACCTTTCTTATCTG	myCAF	T11	10.889745	0.20014118
T11_CGAGAAGCAAGTCATC	myCAF	T11	11.984903	0.98527944
T11_CGATGGCCAGCTCGCA	myCAF	T11	12.305494	-0.6299613
T11_CGCGTTTGTAAAGGAG	iCAF	T11	6.185629	11.210418
T11_CGGCTAGCACGTCTCT	iCAF	T11	5.237418	11.032387
T11_CGTAGCGTCCAGAGGA	myCAF	T11	12.017866	2.556066
T11_CGTCACTAGTCACGCC	myCAF	T11	12.896874	3.4785068
T11_CTAACTTGTGTGTGCC	iCAF	T11	5.862132	10.5791855
T11_CTAAGACGTATAAACG	iCAF	T11	6.057259	10.1126995
T11_CTACCCAGTCGAACAG	myCAF	T11	11.87112	3.1286557
T11_CTACGTCTCGAGAGCA	myCAF	T11	11.8362055	1.9021091
T11_CTAGTGACATTGAGCT	myCAF	T11	13.989709	1.3754543
T11_CTCACACGTAATAGCA	myCAF	T11	12.267584	2.7288823
T11_CTCATTAGTCATCCCT	myCAF	T11	12.144242	0.59326273
T11_CTGAAGTCACGGTAGA	myCAF	T11	14.122364	0.7476846
T11_CTGATAGGTACATGTC	myCAF	T11	14.216176	1.6074778
T11_CTGATAGTCGGTGTTA	iCAF	T11	5.9391685	10.577787
T11_CTGCCTATCTAACCGA	Hybrid	T11	10.286599	2.1314406
T11_CTTACCGAGCATGGCA	iCAF	T11	3.2019365	9.94344
T11_CTTAGGACAAGTTCTG	iCAF	T11	5.640971	7.1192746
T11_GAAACTCGTTACGGAG	myCAF	T11	11.622482	1.7097859
T11_GAAATGACAGGGTACA	iCAF	T11	5.412421	10.813754
T11_GAATAAGCAAGAGGCT	myCAF	T11	12.35385	2.3419793
T11_GACAGAGAGCCCAACC	iCAF	T11	6.041292	10.722152
T11_GACGCGTTCAATACCG	myCAF	T11	11.594686	0.5758927
T11_GAGGTGACAAGACGTG	iCAF	T11	4.190088	10.102316
T11_GAGGTGACAGTGACAG	iCAF	T11	6.219413	11.054863
T11_GATCAGTAGTCCAGGA	Hybrid	T11	10.3889065	0.66475624
T11_GATCGCGAGTGATCGG	myCAF	T11	11.634814	-0.08500856
T11_GATCTAGTCTCCCTGA	iCAF	T11	3.715947	11.648573
T11_GATGAAAGTCTCGTTC	myCAF	T11	12.635652	0.5628915
T11_GCGCAGTTCCACGACG	iCAF	T11	3.0259068	10.170393
T11_GCTGGGTTCACTTCAT	myCAF	T11	13.477997	-0.64895105
T11_GGAAAGCCATCCCACT	iCAF	T11	4.5369515	10.661423
T11_GGATTACTCTGGGCCA	myCAF	T11	14.339389	0.79880536
T11_GGGACCTAGGGTGTTG	iCAF	T11	5.738757	11.047908
T11_GGGCATCAGATCTGCT	iCAF	T11	4.5910897	10.907159
T11_GGGTTGCGTACCGGCT	iCAF	T11	5.9077353	11.396361
T11_GGTGCGTTCGCTTAGA	iCAF	T11	5.486406	11.4714
T11_GTAGTCAGTCTCATCC	iCAF	T11	5.0315523	11.083517
T11_GTCGGGTTCTTATCTG	iCAF	T11	5.8082967	11.579545
T11_GTCTCGTAGCGATTCT	myCAF	T11	11.657267	0.91449505
T11_GTCTCGTGTGATAAGT	myCAF	T11	12.541718	-0.22570716
T11_GTGCGGTAGTTATCGC	iCAF	T11	5.153392	10.550225
T11_GTGTTAGGTTGATTGC	myCAF	T11	11.743328	1.5446658
T11_GTTCTCGTCTGCGGCA	myCAF	T11	12.44473	0.73435014
T11_TAAGCGTTCGGTGTCG	myCAF	T11	13.153079	1.3103452
T11_TAAGTGCCAGGATCGA	iCAF	T11	2.9871824	10.427517
T11_TACCTTAGTGGGTCAA	myCAF	T11	11.847784	3.2863576
T11_TACCTTATCAGAGCTT	Hybrid	T11	10.459437	0.29670116
T11_TACGGATAGCAATCTC	iCAF	T11	3.1582692	11.020493
T11_TACGGGCCATACTCTT	myCAF	T11	14.198687	2.3601573
T11_TACTCGCAGTGTCCCG	iCAF	T11	4.703091	10.2226515
T11_TAGACCATCAACCAAC	myCAF	T11	11.223273	2.3899927
T11_TAGTGGTCACCAGCAC	myCAF	T11	11.885702	2.0699754
T11_TAGTTGGTCATAACCG	myCAF	T11	13.407736	1.1684453
T11_TCAACGACATGTCTCC	myCAF	T11	14.65893	1.6285439
T11_TCACGAATCGGCGCTA	iCAF	T11	5.569741	11.015432
T11_TCAGGTACAAACAACA	myCAF	T11	11.413845	1.2654996
T11_TCCACACAGCGCCTCA	myCAF	T11	11.165885	1.0657567
T11_TCGGTAATCTCCAACC	myCAF	T11	11.274422	2.3150666
T11_TCTGGAACACACTGCG	myCAF	T11	12.160213	1.8982244
T11_TCTGGAACATGCATGT	iCAF	T11	5.100331	10.725296
T11_TGGCGCAAGGCCATAG	iCAF	T11	3.3948658	11.118855
T11_TGGCGCAAGGTGATTA	myCAF	T11	11.364173	-0.8783215
T11_TGGGAAGAGCTAGTCT	iCAF	T11	5.7862244	10.697809
T11_TGGGCGTTCAACGAAA	iCAF	T11	4.1510262	10.017142
T11_TGGGCGTTCATGTGGT	myCAF	T11	11.226816	0.30330366
T11_TTAGGACCAAGCGCTC	myCAF	T11	11.585535	1.290569
T11_TTCCCAGGTCAACATC	myCAF	T11	10.97276	0.38017175
T11_TTCCCAGTCGTAGGAG	myCAF	T11	11.02552	0.033565845
T11_TTCGAAGGTGCACTTA	myCAF	T11	13.012259	1.9941674
T11_TTGCCGTGTGTGGCTC	myCAF	T11	12.260998	1.9499501
T11_TTGGAACTCTTGTATC	myCAF	T11	13.79316	-0.5315406
T11_TTTCCTCAGTCCATAC	myCAF	T11	12.671878	2.8009694
T11_TTTCCTCTCAACACTG	myCAF	T11	12.600315	2.877909
T11_TTTGCGCAGTGAATTG	iCAF	T11	4.371299	10.614342
T11_TTTGCGCTCTGGCGAC	myCAF	T11	12.885756	2.274448
T12_CACAAACCACATTTCT	iCAF	T12	5.1720195	9.574865
T12_TCTATTGTCCTCAATT	iCAF	T12	5.5414824	11.188074
T12_TTCTACATCTTCCTTC	Hybrid	T12	8.74677	3.4508657
T13_AAAGTAGAGACTAGGC	iCAF	T13	5.2658925	6.8340273
T13_ACGGGTCGTCTACCTC	iCAF	T13	5.4260316	10.42034
T13_CGTCAGGCACCTCGGA	iCAF	T13	5.3546014	10.277352
T13_TCACGAAGTGACCAAG	iCAF	T13	4.4880333	11.210653
T13_TGACTAGAGAGCTTCT	iCAF	T13	5.2574353	9.881099
T13_TGCGTGGAGAAGGCCT	iCAF	T13	3.6059844	8.530103
T14_GATCGATAGAGCTTCT	iCAF	T14	3.3778133	7.8221855
T15_AACTTTCAGGCGTACA	iCAF	T15	4.3712277	10.253711
T15_ACGATACAGCGTGTCC	iCAF	T15	4.965343	6.786317
T15_ACGCCAGGTCCATGAT	myCAF	T15	13.601539	2.4422038
T15_ACGGCCAAGCTGTCTA	myCAF	T15	14.4257345	0.9660965
T15_AGAGTGGGTCACTTCC	myCAF	T15	13.06157	3.0759466
T15_AGCGTCGCAGAAGCAC	Hybrid	T15	9.340094	0.7870912
T15_AGTAGTCGTCTGCAAT	myCAF	T15	11.186186	2.0989504
T15_AGTGTCAAGTAATCCC	myCAF	T15	11.8212805	0.5783209
T15_AGTTGGTTCGCACTCT	myCAF	T15	12.665426	0.9635471
T15_ATCTGCCGTCAGAAGC	myCAF	T15	12.227563	1.3696057
T15_ATGAGGGCACTGAAGG	iCAF	T15	5.7502947	8.837502
T15_CAAGAAAAGCCTATGT	myCAF	T15	12.445861	0.42075074
T15_CAAGATCGTGCGATAG	myCAF	T15	13.037914	0.08562505
T15_CACATTTAGGCACATG	iCAF	T15	5.158723	10.274109
T15_CACTCCAAGAAGGGTA	iCAF	T15	6.888707	5.9360547
T15_CAGCTAAGTTACCGAT	myCAF	T15	12.266746	0.9719424
T15_CATATGGGTTCGTCTC	iCAF	T15	5.6521525	8.120812
T15_CCCATACTCTGCGTAA	myCAF	T15	13.122674	0.4307887
T15_CCGTTCACACAGACAG	myCAF	T15	12.969066	1.3800156
T15_CGACCTTGTCTAACGT	myCAF	T15	11.410546	0.91546106
T15_CGTGTCTCACGCTTTC	Hybrid	T15	9.402568	0.12895836
T15_CTACATTTCCTTGACC	iCAF	T15	5.6961207	6.016329
T15_CTACGTCAGAGGTACC	myCAF	T15	12.536269	1.5244626
T15_CTCTGGTAGTCGTACT	myCAF	T15	12.339242	1.8594879
T15_CTTCTCTCACCGGAAA	myCAF	T15	12.812852	0.24129526
T15_GAAATGAAGTGGGTTG	myCAF	T15	13.699795	2.013384
T15_GAACATCAGATGTGTA	myCAF	T15	15.153238	0.5633605
T15_GATCAGTGTCGAGATG	myCAF	T15	10.359589	1.4772495
T15_GCATGATGTATCTGCA	myCAF	T15	12.798602	2.3059447
T15_GCGCCAATCCACTGGG	myCAF	T15	11.628561	2.2564182
T15_GCGGGTTAGATCCGAG	iCAF	T15	5.8752594	8.58452
T15_GGATGTTAGCTGAAAT	iCAF	T15	5.4237313	6.6798735
T15_GGCCGATGTATTACCG	myCAF	T15	11.956405	2.6757119
T15_GGGAGATGTTATCCGA	myCAF	T15	13.406589	1.6833348
T15_GTATCTTGTTACGACT	myCAF	T15	12.522851	2.459719
T15_GTCTCGTCACGAAAGC	myCAF	T15	12.310912	1.8033322
T15_TACTTACAGTAGCCGA	myCAF	T15	12.072472	3.6012225
T15_TAGACCACATGCCTAA	myCAF	T15	11.362349	0.8461089
T15_TATCTCACACAGCCCA	Hybrid	T15	10.301108	2.0418036
T15_TCAGCTCGTCCTCTTG	iCAF	T15	6.466506	7.5131736
T15_TCATTACCAGTATCTG	Hybrid	T15	10.5534525	2.8387477
T15_TCCCGATGTTAAGATG	iCAF	T15	4.7648325	7.0788045
T15_TCTCATAGTTACAGAA	myCAF	T15	15.561366	0.52652484
T15_TGATTTCGTCGTCTTC	myCAF	T15	10.990641	1.6797204
T15_TGCGCAGAGCCTATGT	iCAF	T15	4.5306234	9.5749035
T15_TGCGGGTTCCTGCCAT	iCAF	T15	6.6325874	7.339559
T15_TGCTGCTCACGCCAGT	iCAF	T15	5.0369034	6.6120334
T15_TGCTGCTCAGATGAGC	myCAF	T15	11.705918	2.0241992
T15_TGTGGTACACGCCAGT	myCAF	T15	11.3496	1.6380942
T15_TTATGCTGTAACGACG	myCAF	T15	10.67694	1.2184709
T15_TTATGCTTCTCCAACC	myCAF	T15	12.234261	0.07168675
T15_TTCGAAGCAAGCGAGT	Hybrid	T15	8.34497	3.1393576
T16_AACTCCCCAGACGCTC	iCAF	T16	5.9938087	10.322754
T16_AAGACCTTCTAGCACA	Hybrid	T16	8.968545	3.2915761
T16_ACACTGAGTATAATGG	iCAF	T16	5.503391	10.213295
T16_ACAGCTAGTGGGTCAA	iCAF	T16	5.7929106	10.4718485
T16_ACGAGGAAGATCGGGT	iCAF	T16	5.3255963	11.121064
T16_ACGCCGATCCAAAGTC	iCAF	T16	5.533225	8.9308195
T16_ACGGCCACATTGGGCC	myCAF	T16	14.695352	2.8912616
T16_ACGGGTCTCTGGTTCC	iCAF	T16	6.0679107	8.2138605
T16_ACTGATGAGCTGCCCA	iCAF	T16	6.0736647	10.014978
T16_AGCTTGACAGCCTATA	iCAF	T16	4.5390153	11.579189
T16_ATGCGATGTTCCACAA	myCAF	T16	13.130365	1.8193538
T16_ATGGGAGTCAAGATCC	iCAF	T16	3.5071123	10.955871
T16_ATTTCTGAGCTAGGCA	myCAF	T16	12.494482	2.7573898
T16_CACACTCAGAGGACGG	iCAF	T16	6.4462	7.552077
T16_CACATAGTCGGTGTTA	iCAF	T16	5.504645	11.301879
T16_CAGCAGCGTCTAAACC	iCAF	T16	4.8625712	11.247644
T16_CATCAGAAGGTCGGAT	iCAF	T16	5.3504543	10.049156
T16_CATGCCTGTCTAGTGT	iCAF	T16	6.1316605	8.871959
T16_CGAACATCAGCGTCCA	iCAF	T16	4.364271	10.901768
T16_CGATTGAGTCATGCCG	iCAF	T16	4.000417	11.155419
T16_CGCCAAGAGCCAGAAC	myCAF	T16	13.168678	3.2784734
T16_CGCCAAGGTCGAATCT	myCAF	T16	13.291834	2.8799078
T16_CGGACACGTCTCCATC	iCAF	T16	4.259327	10.773047
T16_CGTAGGCAGTTAACGA	myCAF	T16	12.547382	3.746895
T16_CGTTAGAGTCTCAACA	myCAF	T16	12.432675	2.9834166
T16_CTAACTTTCTTGCAAG	iCAF	T16	5.429827	9.404154
T16_CTAGTGAGTCTTTCAT	iCAF	T16	5.8341165	9.65483
T16_CTCCTAGTCAACGGGA	myCAF	T16	12.3817425	2.098739
T16_CTGCCTAAGCCGTCGT	iCAF	T16	6.5640874	7.504475
T16_CTGGTCTGTTAAGATG	iCAF	T16	6.353404	9.858796
T16_CTTCTCTAGCGTAATA	iCAF	T16	4.0921655	10.209332
T16_GAATGAACATTAACCG	myCAF	T16	13.030142	3.340036
T16_GAGGTGATCACGATGT	myCAF	T16	12.65131	2.559357
T16_GATCGATCATCAGTCA	iCAF	T16	3.9010336	10.860173
T16_GCTGCGAGTAAGTGGC	iCAF	T16	4.0214977	10.213178
T16_GCTGCGAGTCCGAACC	iCAF	T16	6.0736732	8.689529
T16_GCTGCTTAGGCGTACA	iCAF	T16	5.1463766	8.916223
T16_GCTGCTTTCACGCATA	myCAF	T16	12.600545	0.5064123
T16_GGCAATTTCTAACTGG	iCAF	T16	4.457729	10.614959
T16_GGTGCGTCAATGGACG	iCAF	T16	3.0824378	8.694632
T16_GTAACGTTCTGAGGGA	iCAF	T16	5.8977385	8.628122
T16_GTACTCCAGGAGCGAG	iCAF	T16	5.5244637	9.679652
T16_GTAGTCAGTCACCTAA	iCAF	T16	5.46467	10.891066
T16_GTAGTCATCATACGGT	myCAF	T16	11.854591	2.319655
T16_GTCACGGGTACAGTTC	iCAF	T16	4.9580336	11.734029
T16_GTCCTCACAAACGTGG	myCAF	T16	13.968073	2.3353164
T16_GTTCATTTCTGTCTAT	iCAF	T16	5.43074	10.647493
T16_TATCTCAGTCCGACGT	iCAF	T16	6.0825458	9.292113
T16_TATTACCTCTGATACG	iCAF	T16	4.364461	10.779005
T16_TCAGCAACATACCATG	iCAF	T16	4.84108	10.94055
T16_TCAGGTAGTAGCGCTC	iCAF	T16	6.39405	9.760485
T16_TCATTACCAATCAGAA	myCAF	T16	11.897289	2.1750596
T16_TCATTTGGTTCTCATT	iCAF	T16	5.8249826	8.999319
T16_TCTATTGCACAAGCCC	iCAF	T16	4.319095	11.572029
T16_TCTCTAAAGAGCTTCT	iCAF	T16	6.293612	8.380149
T16_TCTGAGAAGTGAAGTT	iCAF	T16	5.61296	8.4715185
T16_TGAAAGACAGACAAAT	iCAF	T16	6.024	8.567708
T16_TGACAACCATGTAAGA	iCAF	T16	4.8300986	11.651614
T16_TGACTAGCAAGGTGTG	iCAF	T16	5.6950974	9.375196
T16_TGCCCATTCGGAAATA	myCAF	T16	13.6704235	1.6256738
T16_TGGCCAGAGATGAGAG	iCAF	T16	4.807513	10.141662
T16_TTGCGTCCATCTATGG	iCAF	T16	3.4947267	8.872354
T16_TTTGTCATCATCGATG	iCAF	T16	5.954138	8.489817
T16_TTTGTCATCGTCTGCT	iCAF	T16	6.185114	8.486733
T17_AAACCTGAGTGGTAAT	myCAF	T17	12.773384	1.2172374
T17_ACACCGGAGCCACTAT	myCAF	T17	12.476506	1.8731941
T17_ACATGGTGTCCTCTTG	iCAF	T17	5.234117	11.54331
T17_ACTGAACCATGGATGG	myCAF	T17	12.549096	0.95241123
T17_AGGGAGTTCGTCTGAA	myCAF	T17	12.261161	0.6615081
T17_ATAAGAGTCTGTGCAA	iCAF	T17	5.596073	11.41582
T17_ATCATGGAGGATGTAT	iCAF	T17	5.1436796	11.587338
T17_ATGGGAGGTTGTACAC	myCAF	T17	11.99496	2.0776894
T17_ATTGGTGGTGCTGTAT	iCAF	T17	5.1557727	11.767893
T17_CAAGTTGCAATGTAAG	myCAF	T17	11.582893	2.995564
T17_CAAGTTGCAGACGCTC	myCAF	T17	13.275093	2.9015212
T17_CACACCTTCCTAGTGA	myCAF	T17	11.748616	2.8801975
T17_CACATAGTCTGTTGAG	iCAF	T17	5.776975	11.741853
T17_CACCACTCACCACGTG	iCAF	T17	4.4421473	11.288014
T17_CATATTCCAGCATACT	myCAF	T17	14.403931	2.1506748
T17_CATCGGGTCAGCATGT	iCAF	T17	4.023052	11.042621
T17_CATGACAAGCGATAGC	myCAF	T17	12.191404	0.26493773
T17_CCATGTCGTTCTGGTA	iCAF	T17	6.241037	10.711888
T17_CCCAGTTCACCTGGTG	myCAF	T17	14.84253	1.6293133
T17_CCGGTAGAGACTGTAA	myCAF	T17	14.546441	1.534051
T17_CCTTCCCAGATCCTGT	myCAF	T17	13.043658	0.7801912
T17_CGGCTAGTCAGTTAGC	myCAF	T17	14.7998905	1.545108
T17_CTACATTGTAAGGATT	iCAF	T17	6.3726997	11.715899
T17_GACCTGGGTACGCTGC	myCAF	T17	16.147297	2.479455
T17_GACGTGCGTATGGTTC	iCAF	T17	5.254219	11.544695
T17_GAGTCCGGTGTCCTCT	myCAF	T17	12.8587	0.74620956
T17_GCTTCCAGTATGAAAC	myCAF	T17	12.601777	3.0753462
T17_GGACAAGGTTACTGAC	iCAF	T17	5.5032988	10.830891
T17_GGGACCTGTAAGGATT	myCAF	T17	14.587162	0.92044485
T17_GGGCACTAGTTAGGTA	iCAF	T17	3.0951638	8.663389
T17_GGTGCGTAGAGACTAT	myCAF	T17	12.862845	2.4762564
T17_GTATCTTCAAGTCATC	myCAF	T17	13.42725	1.7847981
T17_GTCATTTTCAGCTCGG	myCAF	T17	13.116061	3.7012928
T17_TAAACCGTCCTAGGGC	myCAF	T17	11.887279	2.2949817
T17_TACCTTAAGGTCGGAT	myCAF	T17	11.869305	0.92693764
T17_TAGACCATCCAGTATG	myCAF	T17	12.606529	2.602238
T17_TATTACCTCCGTCATC	myCAF	T17	14.206451	0.111962706
T17_TGACTAGTCAAGAAGT	myCAF	T17	11.064386	0.12561485
T17_TGCGCAGCAGGCAGTA	iCAF	T17	4.8475933	11.247811
T17_TGCGTGGCAATGGAAT	myCAF	T17	12.068807	0.42331246
T18_AAAGTAGCATGAAGTA	iCAF	T18	3.8800182	10.897871
T18_ACATGGTCATTGGTAC	iCAF	T18	5.158544	11.443187
T18_AGACGTTGTCCGTTAA	myCAF	T18	12.882079	1.2274997
T18_AGCGGTCCAACTGCTA	myCAF	T18	12.843828	3.0750442
T18_AGCTTGAAGTGGTCCC	myCAF	T18	12.485242	1.055401
T18_ATCATGGCAGACAAGC	iCAF	T18	5.1874056	10.826872
T18_CAGCAGCTCTTTACAC	myCAF	T18	16.669909	2.7955132
T18_CAGCCGAAGCAGGCTA	myCAF	T18	13.148388	3.136962
T18_CATCCACTCGTGGACC	iCAF	T18	5.9472985	6.8204784
T18_CCCAATCGTCTCAACA	myCAF	T18	14.707544	1.2282821
T18_CGTCAGGCAGCTGTAT	myCAF	T18	11.868415	0.8774889
T18_GGAATAACAAGAGTCG	myCAF	T18	14.1102085	2.155231
T18_GTAGGCCCACTGCCAG	myCAF	T18	11.406633	2.326267
T18_GTAGGCCTCGAATGGG	myCAF	T18	11.418834	-0.14457887
T18_GTTCGGGTCTTGTCAT	iCAF	T18	5.3376446	8.761132
T18_TCAACGACAAACTGCT	myCAF	T18	11.320098	-0.02505197
T18_TGACAACGTGTAAGTA	myCAF	T18	14.922948	2.0683117
T18_TGACGGCAGGCTCTTA	iCAF	T18	3.75366	11.2451315
T18_TGTGGTATCTTTCCTC	iCAF	T18	5.5964203	11.118356
T18_TGTGTTTCACGAAAGC	myCAF	T18	11.932334	2.8059828
T18_TTCTCAATCCCAACGG	myCAF	T18	11.337239	0.39042667
T19_AAGGTTCTCCAAACAC	iCAF	T19	6.2293687	10.640141
T19_CACCTTGTCCGTTGTC	iCAF	T19	4.591457	11.530007
T19_CGACTTCTCGACGGAA	iCAF	T19	5.7581544	7.9250975
T19_CGGAGCTCAGCGAACA	iCAF	T19	5.522024	6.7608056
T19_CTGGTCTCACGAAATA	iCAF	T19	4.4178295	11.818599
T19_GATCGTAAGGTGATAT	iCAF	T19	6.187854	9.659355
T19_GGCAATTAGTCGTTTG	Hybrid	T19	8.838426	2.3017411
T19_GGCAATTGTAACGTTC	myCAF	T19	11.3928175	3.1346583
T19_GTGCATAGTAATCACC	iCAF	T19	6.369303	10.485648
T19_TCATTTGAGGGTCTCC	iCAF	T19	5.9195614	10.364225
T21_ATTACTCAGGCGACAT	myCAF	T21	13.016856	3.4648917
T22_CGGACACTCCGTAGGC	myCAF	T22	12.207768	3.6368783
T22_GACTGCGCATATGAGA	iCAF	T22	5.881913	6.4164214
T22_GCAATCATCAGAGCTT	iCAF	T22	4.134061	9.92535
T22_GTCACAATCCGCGCAA	myCAF	T22	12.1632395	3.5389352
T22_TAGACCAGTGTCAATC	Hybrid	T22	3.5846355	1.5282696
T23_AAACGGGGTTGTCTTT	iCAF	T23	6.4797306	7.6463733
T23_AAAGTAGCACATTCGA	myCAF	T23	12.423768	0.26158425
T23_AAATGCCAGATCGATA	myCAF	T23	14.3433	-0.048231583
T23_AACGTTGGTCTGCCAG	myCAF	T23	12.182408	1.9406279
T23_AACTCTTGTCAGCTAT	iCAF	T23	4.871522	10.226384
T23_AACTCTTGTTCACCTC	myCAF	T23	13.298019	-0.11807388
T23_AACTTTCGTGGTGTAG	myCAF	T23	13.9296665	3.0094583
T23_AAGACCTGTACTCGCG	myCAF	T23	12.261686	-0.011611529
T23_AAGGCAGTCGTACCGG	myCAF	T23	12.451021	1.2544597
T23_ACACCAAAGACAAGCC	myCAF	T23	12.027218	0.46873224
T23_ACACCAAGTGTCTGAT	myCAF	T23	13.231069	1.4616457
T23_ACACCGGAGGCTACGA	myCAF	T23	12.560289	1.3472316
T23_ACACCGGTCAAGCCTA	myCAF	T23	12.211198	2.6955938
T23_ACATACGAGGAGTCTG	myCAF	T23	12.891562	1.6565535
T23_ACATACGTCGCACTCT	myCAF	T23	13.200174	3.402738
T23_ACGAGGAAGTCTCGGC	myCAF	T23	12.931629	1.3166509
T23_ACGATACAGACGACGT	myCAF	T23	12.131438	2.9343014
T23_ACGATGTGTCTACCTC	iCAF	T23	6.324919	6.860534
T23_ACGCCGAAGAATAGGG	myCAF	T23	12.049477	1.8966678
T23_ACTGAACAGGCCGAAT	myCAF	T23	12.642489	2.928168
T23_ACTGATGAGCGTGAAC	myCAF	T23	13.115721	3.57011
T23_ACTTACTAGTTAAGTG	myCAF	T23	12.00536	1.5383575
T23_AGAATAGCACAGCCCA	myCAF	T23	12.420767	3.131729
T23_AGAATAGCATTCCTGC	myCAF	T23	14.071809	1.2006512
T23_AGAGTGGAGCGTTGCC	myCAF	T23	13.037354	3.1913993
T23_AGAGTGGGTAGGACAC	myCAF	T23	13.476136	2.6245375
T23_AGAGTGGTCAACGCTA	Hybrid	T23	9.025815	3.1692166
T23_AGCAGCCAGTGAAGAG	myCAF	T23	13.156589	1.2050544
T23_AGCCTAACACAGAGGT	iCAF	T23	4.0510054	11.663445
T23_AGCCTAACATTCCTGC	myCAF	T23	12.409234	0.7419991
T23_AGCGGTCTCTCGCTTG	myCAF	T23	12.773922	3.6215014
T23_AGCGTATGTCATGCAT	myCAF	T23	14.575401	0.49157938
T23_AGCGTCGCAGTGGAGT	myCAF	T23	11.99368	0.46658808
T23_AGCTCTCAGCCGTCGT	myCAF	T23	11.060078	1.3581619
T23_AGCTCTCCAGCGTAAG	myCAF	T23	12.294242	1.9261556
T23_AGGCCACCACAACGTT	iCAF	T23	3.5995786	9.166555
T23_AGGTCATGTCTCTTAT	myCAF	T23	12.341045	2.206734
T23_AGGTCCGTCTAGAGTC	iCAF	T23	5.100657	11.245276
T23_AGTGAGGAGCTAGGCA	myCAF	T23	12.674657	2.3966424
T23_AGTTGGTTCGTCACGG	myCAF	T23	12.672888	2.976401
T23_ATCACGATCATTCACT	iCAF	T23	4.171088	11.341454
T23_ATCATGGAGAGCTGCA	myCAF	T23	13.665007	2.4025502
T23_ATGTGTGGTAATCACC	myCAF	T23	12.265812	0.23511313
T23_ATGTGTGGTGCCTTGG	myCAF	T23	11.425658	0.5255331
T23_CAACTAGTCAACACCA	myCAF	T23	11.506343	0.4781319
T23_CAACTAGTCCACTCCA	myCAF	T23	12.19587	0.916261
T23_CAAGATCAGCAGCGTA	myCAF	T23	12.757519	2.1506276
T23_CAAGTTGGTTCACGGC	myCAF	T23	13.181433	3.2832434
T23_CAAGTTGTCTGCTGCT	myCAF	T23	11.830121	0.309375
T23_CACAAACTCCAATGGT	myCAF	T23	13.526568	1.9300965
T23_CACAAACTCGAATGCT	myCAF	T23	13.435992	3.269659
T23_CACAAACTCGCAAGCC	myCAF	T23	11.781442	1.184532
T23_CACACTCAGTGTACTC	myCAF	T23	14.222502	2.254052
T23_CACCACTGTACCGAGA	myCAF	T23	12.04008	-1.2686708
T23_CACCTTGAGCCCAATT	myCAF	T23	12.459417	3.3663409
T23_CAGAATCAGTGTTGAA	myCAF	T23	13.394628	1.2520096
T23_CAGCATACAAAGCAAT	myCAF	T23	13.405011	2.2105358
T23_CAGCGACAGGTTCCTA	myCAF	T23	12.924337	1.0183139
T23_CAGTCCTAGAGATGAG	myCAF	T23	11.19981	0.8314213
T23_CATATTCTCTACCTGC	myCAF	T23	14.792704	1.9183185
T23_CATCGAAAGCGCTTAT	myCAF	T23	11.979868	0.83121395
T23_CATCGGGCAAACTGCT	myCAF	T23	13.414338	2.4345813
T23_CATGCCTAGCTAAACA	myCAF	T23	11.98188	1.0170572
T23_CATGGCGTCTTCATGT	myCAF	T23	12.607968	3.4552183
T23_CATTATCAGGTGTGGT	iCAF	T23	6.019852	9.165633
T23_CCCAGTTTCATTGCGA	myCAF	T23	14.985712	0.6860694
T23_CCGTGGATCTGACCTC	myCAF	T23	13.060449	0.3769025
T23_CCTAAAGAGATGCCAG	myCAF	T23	13.989962	2.1797462
T23_CCTAAAGGTACAGCAG	myCAF	T23	12.883363	2.311177
T23_CCTACACGTGCAACTT	myCAF	T23	13.006165	3.0841806
T23_CCTATTACAAGCCTAT	myCAF	T23	13.775866	1.293833
T23_CCTATTACACCCATGG	myCAF	T23	12.01075	0.7704224
T23_CCTCAGTCAGCTGCTG	Hybrid	T23	10.274954	2.520085
T23_CCTTCCCCAGGTGCCT	myCAF	T23	14.495249	0.16251104
T23_CGAACATGTACTCGCG	myCAF	T23	12.777857	3.0413237
T23_CGACCTTAGAAGGCCT	myCAF	T23	13.495479	1.8825009
T23_CGATGGCGTCACCTAA	myCAF	T23	11.19992	1.5560485
T23_CGATGGCTCATCGCTC	myCAF	T23	10.980996	1.6549721
T23_CGCCAAGGTAAGGGAA	myCAF	T23	13.572988	0.95051324
T23_CGCGTTTTCAGCGATT	myCAF	T23	13.365265	3.136406
T23_CGCTATCCAGTCAGCC	myCAF	T23	12.757942	1.289658
T23_CGCTTCACACAAGACG	myCAF	T23	11.74028	2.6591465
T23_CGGAGCTGTCCCGACA	myCAF	T23	13.811503	1.4444345
T23_CGGAGCTTCGCCAAAT	myCAF	T23	13.701378	1.4476255
T23_CGTCACTTCGTGACAT	myCAF	T23	12.324624	2.664614
T23_CGTTAGAAGGCTAGCA	myCAF	T23	14.411087	1.9159485
T23_CGTTCTGTCTTGTTTG	iCAF	T23	3.7556589	7.766963
T23_CTAACTTGTCATGCAT	myCAF	T23	13.237818	2.7993586
T23_CTACACCAGAGCTATA	iCAF	T23	3.9770947	9.251129
T23_CTACACCCAAGCCGTC	myCAF	T23	14.18784	1.6966573
T23_CTACGTCTCAAACGGG	myCAF	T23	12.372899	2.255847
T23_CTCATTAGTTTAGGAA	myCAF	T23	11.846884	-0.2638116
T23_CTCATTATCTGGTGTA	Hybrid	T23	10.67697	2.3351455
T23_CTCGAAACACGTTGGC	myCAF	T23	15.083455	2.0412931
T23_CTCGGGACATAAGACA	iCAF	T23	4.677019	10.8794775
T23_CTCGTACGTAGTACCT	Hybrid	T23	10.046993	2.6953568
T23_CTCTAATAGCCCAATT	iCAF	T23	5.6405187	11.081954
T23_CTCTGGTAGGATGGTC	myCAF	T23	12.5168705	0.7074025
T23_CTGAAACTCTCTGTCG	myCAF	T23	14.247825	1.928696
T23_CTGATCCGTGCCTGTG	iCAF	T23	5.2887025	9.7595
T23_CTGGTCTCAAGCCGTC	myCAF	T23	12.160518	1.630203
T23_CTGGTCTCAAGGTTCT	myCAF	T23	12.768921	0.9561987
T23_CTGTGCTTCCAAACTG	myCAF	T23	13.571243	1.4970876
T23_CTTTGCGCAAGTCTAC	myCAF	T23	11.824792	3.0477142
T23_CTTTGCGCAAGTCTGT	myCAF	T23	12.364371	2.4484642
T23_GAAACTCCAAATCCGT	myCAF	T23	12.733472	1.931884
T23_GAACCTACAGTCACTA	myCAF	T23	13.179143	2.6130443
T23_GAATAAGTCCAAAGTC	myCAF	T23	13.303574	3.2432365
T23_GACACGCGTGTGACGA	myCAF	T23	12.449053	2.4778473
T23_GACAGAGCATCTCCCA	myCAF	T23	12.892646	3.618547
T23_GACGTTAAGGATTCGG	myCAF	T23	12.914913	1.166139
T23_GACGTTACACATTAGC	myCAF	T23	12.677271	2.2078729
T23_GACTAACAGAGTCTGG	myCAF	T23	13.433086	2.649817
T23_GACTGCGAGGCAATTA	myCAF	T23	13.957902	2.3822773
T23_GAGTCCGGTAAATGAC	myCAF	T23	12.67509	1.8541394
T23_GATCGATTCCAGGGCT	myCAF	T23	14.555756	1.377003
T23_GATTCAGAGCCAACAG	myCAF	T23	12.89924	1.1367707
T23_GATTCAGAGTGCTGCC	myCAF	T23	11.108807	1.6591388
T23_GCAATCAGTTCGGGCT	myCAF	T23	14.287637	3.486725
T23_GCATGATAGTAACCCT	Hybrid	T23	9.739664	0.15148003
T23_GCATGTACACCGATAT	myCAF	T23	13.090437	2.7868228
T23_GCGACCAAGCGTGAGT	myCAF	T23	12.722068	0.9428764
T23_GGAAAGCAGACCCACC	Hybrid	T23	10.925776	2.5082195
T23_GGACGTCTCGCGTTTC	myCAF	T23	11.770053	1.9299396
T23_GGATTACCAAAGTGCG	myCAF	T23	13.174784	2.4795732
T23_GGTATTGGTAAACGCG	myCAF	T23	13.301995	2.8091598
T23_GGTGCGTGTATGCTTG	myCAF	T23	14.233699	1.2376516
T23_GTAACGTGTAAGCACG	myCAF	T23	12.96166	1.3248916
T23_GTAACTGAGAAACCGC	myCAF	T23	12.363982	2.9649293
T23_GTATTCTAGGCTAGAC	myCAF	T23	11.1856575	1.2506025
T23_GTATTCTCAGGCTCAC	myCAF	T23	11.931371	1.42888
T23_GTCACGGTCGCGTAGC	Hybrid	T23	10.190274	1.8731349
T23_GTCATTTGTCCATCCT	iCAF	T23	3.8491232	9.946387
T23_GTCGGGTGTTGGACCC	myCAF	T23	11.937834	2.5930011
T23_GTCGTAAGTAGCCTCG	myCAF	T23	12.379424	2.0688393
T23_GTGCAGCAGGGCATGT	myCAF	T23	16.09985	1.1088413
T23_GTGCATAGTCGCGGTT	myCAF	T23	12.800132	3.710778
T23_GTGGGTCAGATCCCGC	myCAF	T23	14.767048	0.5359801
T23_GTTCATTGTGCCTGTG	myCAF	T23	11.863443	2.0113077
T23_GTTTCTACATATACGC	myCAF	T23	12.659782	0.10140453
T23_GTTTCTATCACTTCAT	myCAF	T23	11.385583	0.08595267
T23_TAAGAGAGTCGAATCT	myCAF	T23	12.73688	1.981494
T23_TAAGCGTAGCCGTCGT	myCAF	T23	11.608598	0.9380578
T23_TACAGTGAGCTGTTCA	myCAF	T23	12.693611	3.4680192
T23_TACAGTGCATCCCACT	myCAF	T23	14.658299	-0.57143503
T23_TACGGTAGTTTCGCTC	myCAF	T23	12.641101	2.1607308
T23_TACTCATCAGACGCTC	myCAF	T23	13.583432	0.8637694
T23_TACTTGTCATCCGCGA	myCAF	T23	12.555751	-0.84078044
T23_TAGAGCTTCTAACTCT	myCAF	T23	15.0361805	0.6879143
T23_TATCTCATCTCTAAGG	myCAF	T23	15.688974	2.6929383
T23_TATGCCCCATCTATGG	myCAF	T23	12.344657	1.8578364
T23_TATGCCCTCAGATAAG	myCAF	T23	13.474426	1.2858026
T23_TATGCCCTCATGTCCC	myCAF	T23	13.081513	2.5022535
T23_TCACGAATCACTATTC	myCAF	T23	13.564988	1.0854053
T23_TCAGCAAAGCACCGCT	myCAF	T23	12.676377	3.4327269
T23_TCAGCTCAGTTACGGG	myCAF	T23	13.345781	1.6102048
T23_TCAGGATAGAGCTGGT	myCAF	T23	13.407941	-0.40427107
T23_TCAGGATGTTGTCTTT	myCAF	T23	13.892225	2.0411353
T23_TCGCGAGCAATGGAAT	myCAF	T23	12.989749	0.8740802
T23_TCGGGACCAGAGTGTG	myCAF	T23	12.719441	3.1323555
T23_TCTGAGATCACATACG	myCAF	T23	13.721043	1.2424444
T23_TCTTCGGCATGCCTAA	myCAF	T23	11.387439	2.8458092
T23_TGAAAGAGTCATATCG	myCAF	T23	11.904287	3.06212
T23_TGCCAAACAGCATACT	myCAF	T23	12.369866	3.635049
T23_TGCCCATAGCCGTCGT	myCAF	T23	11.634899	2.0284498
T23_TGCCCATTCCAGAAGG	myCAF	T23	13.952351	0.7253677
T23_TGCCCTATCCTTCAAT	myCAF	T23	11.8909235	1.3601482
T23_TGCGCAGTCTATCCTA	myCAF	T23	12.2697525	-0.6515608
T23_TGCGGGTCACGGTTTA	myCAF	T23	13.714276	1.1036159
T23_TGCTACCAGAGACGAA	myCAF	T23	13.59567	1.0339775
T23_TGCTACCCAAAGCGGT	myCAF	T23	12.476323	-0.43837172
T23_TGGACGCCATGTAGTC	myCAF	T23	12.408012	1.7805616
T23_TGGGCGTAGTTAGGTA	myCAF	T23	11.738665	-0.6610802
T23_TGGTTAGGTCCAGTGC	myCAF	T23	12.623177	2.4685755
T23_TGTGGTAAGTTGAGTA	myCAF	T23	14.001477	0.84095037
T23_TTAGGACGTTGTCGCG	myCAF	T23	12.457517	1.7903026
T23_TTATGCTGTAGCTTGT	myCAF	T23	12.771999	0.19308841
T23_TTCGGTCAGGGCTTCC	myCAF	T23	12.034285	0.1970612
T23_TTCGGTCAGTGGACGT	myCAF	T23	12.290923	3.07657
T23_TTGAACGGTAATCGTC	myCAF	T23	12.03844	2.6534276
T23_TTGACTTTCGTCGTTC	myCAF	T23	12.103021	-0.02877241
T23_TTGCCGTTCCTTGACC	Hybrid	T23	10.740059	2.1186872
T23_TTGCGTCCAGCTGCAC	myCAF	T23	12.294785	2.3290539
T23_TTGCGTCGTTCAGACT	myCAF	T23	12.790921	-0.34383965
T23_TTGTAGGAGGTGCACA	myCAF	T23	13.583605	2.254905
T23_TTTGGTTAGCAGATCG	myCAF	T23	12.774846	-0.16936885
T23_TTTGGTTGTTATCACG	iCAF	T23	4.3969836	11.96228
T24_ACGGGTCAGTTTAGGA	iCAF	T24	3.2491295	9.0054455
T24_AGAGCTTTCCCTCAGT	iCAF	T24	3.173608	9.105218
T24_ATCCGAAAGTACGTTC	iCAF	T24	5.0002036	10.124221
T24_CGAGCCAGTCCCTACT	iCAF	T24	4.3528314	7.4473724
T24_CGATTGACATGTAGTC	iCAF	T24	3.4857268	6.7277284
T24_CGGAGTCAGTGCGATG	iCAF	T24	5.4855967	8.648068
T24_CTAATGGCACCCAGTG	iCAF	T24	6.1534014	6.0543823
T24_GACACGCAGCCGGTAA	myCAF	T24	13.832991	2.0014946
T24_GATCAGTAGTGGTAAT	iCAF	T24	3.4109519	9.098592
T24_GCTGGGTGTTGAGTTC	iCAF	T24	4.52164	11.6004095
T24_GTTTCTAGTTGATTCG	Hybrid	T24	8.734987	3.3999941
T24_TGAAAGAAGCGATATA	myCAF	T24	13.426354	2.039131
T24_TTGCGTCCATTAACCG	myCAF	T24	12.996752	2.851043
